"id","word","tag"
1043,"$","$"
1052,"$","$"
1256,"$","$"
1262,"$","$"
1308,"$","$"
1352,"$","$"
1410,"$","$"
1414,"$","$"
1443,"$","$"
2003,"$","$"
2060,"$","$"
2079,"$","$"
2133,"$","$"
2150,"$","$"
2178,"$","$"
2185,"$","$"
2326,"$","$"
2375,"$","$"
2436,"$","$"
2441,"$","$"
2715,"$","$"
2728,"$","$"
2740,"$","$"
2785,"$","$"
3111,"$","$"
3209,"$","$"
3235,"$","$"
3278,"$","$"
3281,"$","$"
3415,"$","$"
3428,"$","$"
3433,"$","$"
3481,"$","$"
3489,"$","$"
3523,"$","$"
3604,"$","$"
3608,"$","$"
3636,"$","$"
3683,"$","$"
3721,"$","$"
3755,"$","$"
4045,"$","$"
4240,"$","$"
4274,"$","$"
4280,"$","$"
4301,"$","$"
4533,"$","$"
4537,"$","$"
4625,"$","$"
4640,"$","$"
4696,"$","$"
4708,"$","$"
4730,"$","$"
4782,"$","$"
4798,"$","$"
5641,"$","$"
5936,"$","$"
6143,"$","$"
6168,"$","$"
6411,"$","$"
6691,"$","$"
6703,"$","$"
6872,"US$","$"
6891,"C$","$"
7037,"$","$"
7116,"$","$"
7293,"$","$"
7325,"$","$"
7468,"$","$"
7562,"$","$"
7568,"$","$"
7618,"$","$"
7631,"$","$"
8502,"$","$"
8625,"$","$"
8876,"$","$"
8889,"$","$"
8940,"$","$"
8949,"$","$"
9268,"$","$"
9288,"$","$"
9318,"$","$"
9353,"$","$"
9410,"$","$"
9461,"$","$"
9477,"$","$"
10090,"$","$"
10499,"$","$"
10769,"$","$"
11095,"$","$"
11362,"$","$"
11693,"$","$"
11809,"$","$"
11855,"$","$"
11949,"US$","$"
11985,"C$","$"
13870,"$","$"
14863,"$","$"
14867,"$","$"
14881,"$","$"
14887,"$","$"
14903,"$","$"
15030,"$","$"
15047,"$","$"
16273,"$","$"
17797,"$","$"
17813,"$","$"
19888,"$","$"
19909,"$","$"
20590,"$","$"
20604,"$","$"
20956,"$","$"
21060,"$","$"
21065,"$","$"
21163,"$","$"
21190,"$","$"
21195,"$","$"
21326,"$","$"
21593,"$","$"
21606,"$","$"
21634,"$","$"
21696,"$","$"
22530,"$","$"
22687,"$","$"
23667,"$","$"
24138,"$","$"
24369,"$","$"
24412,"$","$"
24465,"$","$"
24469,"$","$"
24488,"$","$"
24492,"$","$"
24579,"$","$"
24662,"$","$"
24701,"$","$"
24705,"$","$"
24726,"$","$"
24846,"$","$"
24874,"$","$"
24892,"$","$"
24907,"$","$"
24911,"$","$"
25398,"$","$"
25403,"$","$"
25569,"$","$"
25823,"$","$"
25853,"$","$"
27066,"$","$"
27072,"$","$"
27313,"$","$"
27319,"$","$"
27363,"$","$"
27485,"$","$"
27560,"$","$"
27597,"$","$"
27618,"$","$"
27663,"$","$"
27669,"$","$"
27685,"$","$"
27691,"$","$"
27729,"$","$"
27734,"$","$"
27748,"$","$"
27756,"$","$"
27785,"$","$"
27900,"$","$"
27903,"$","$"
28059,"$","$"
28667,"$","$"
29049,"$","$"
29186,"$","$"
29206,"$","$"
29411,"$","$"
29534,"$","$"
29650,"$","$"
29653,"$","$"
29742,"$","$"
29745,"$","$"
29764,"$","$"
29799,"$","$"
29815,"$","$"
29829,"$","$"
29856,"$","$"
29862,"$","$"
29913,"$","$"
29976,"$","$"
29981,"$","$"
29986,"$","$"
30003,"$","$"
30014,"$","$"
30026,"$","$"
30036,"$","$"
30054,"$","$"
30161,"$","$"
30164,"$","$"
30177,"$","$"
30180,"$","$"
30244,"$","$"
30276,"$","$"
30282,"$","$"
30692,"$","$"
30719,"$","$"
30722,"$","$"
30776,"$","$"
30779,"$","$"
31468,"$","$"
31513,"$","$"
31548,"$","$"
31689,"$","$"
31773,"$","$"
31909,"$","$"
31916,"$","$"
31942,"$","$"
31962,"$","$"
31982,"$","$"
32009,"$","$"
32065,"$","$"
32079,"$","$"
32100,"$","$"
32106,"$","$"
32153,"$","$"
32157,"$","$"
32169,"$","$"
32223,"$","$"
32343,"$","$"
32506,"$","$"
32510,"$","$"
32569,"$","$"
32683,"$","$"
32690,"$","$"
32730,"$","$"
32947,"$","$"
32973,"$","$"
32981,"$","$"
32992,"$","$"
33000,"$","$"
33046,"$","$"
33314,"$","$"
33319,"$","$"
33326,"$","$"
33331,"$","$"
33343,"$","$"
33347,"$","$"
33404,"$","$"
33968,"$","$"
34617,"$","$"
34755,"$","$"
35079,"$","$"
35504,"$","$"
35516,"$","$"
35754,"$","$"
35766,"$","$"
35946,"$","$"
36236,"$","$"
36675,"$","$"
36944,"$","$"
37004,"$","$"
37046,"$","$"
37226,"$","$"
37270,"$","$"
41392,"$","$"
43272,"$","$"
43349,"$","$"
43436,"$","$"
43504,"$","$"
43592,"$","$"
43648,"$","$"
43760,"$","$"
43882,"$","$"
43964,"$","$"
44060,"$","$"
44073,"$","$"
44084,"$","$"
44098,"$","$"
44112,"$","$"
44131,"$","$"
44145,"$","$"
44153,"$","$"
44159,"$","$"
44174,"$","$"
44185,"$","$"
44201,"$","$"
44207,"$","$"
44222,"$","$"
44228,"$","$"
44290,"$","$"
44299,"$","$"
44310,"$","$"
44320,"$","$"
44329,"$","$"
44342,"$","$"
44355,"$","$"
44367,"$","$"
44378,"$","$"
44391,"$","$"
44404,"$","$"
44416,"$","$"
44422,"$","$"
44433,"$","$"
44444,"$","$"
44458,"$","$"
44466,"$","$"
44479,"$","$"
44489,"$","$"
44510,"$","$"
44516,"$","$"
44528,"$","$"
44534,"$","$"
44547,"$","$"
44643,"$","$"
44653,"$","$"
44669,"$","$"
44691,"$","$"
44706,"$","$"
44717,"$","$"
44733,"$","$"
44745,"$","$"
44759,"$","$"
44773,"$","$"
44789,"$","$"
44801,"$","$"
44816,"$","$"
44832,"$","$"
44845,"$","$"
45713,"$","$"
45941,"$","$"
46043,"$","$"
46048,"$","$"
46063,"$","$"
46148,"$","$"
46299,"$","$"
46308,"$","$"
46482,"$","$"
46503,"$","$"
46521,"$","$"
46539,"$","$"
46606,"$","$"
47286,"$","$"
47294,"$","$"
47314,"$","$"
47318,"$","$"
47408,"$","$"
47469,"$","$"
47481,"$","$"
47510,"$","$"
47538,"$","$"
47557,"$","$"
47584,"$","$"
47695,"$","$"
47753,"$","$"
47815,"$","$"
47988,"$","$"
48151,"$","$"
48174,"$","$"
48242,"$","$"
49186,"$","$"
49216,"$","$"
49292,"$","$"
49678,"$","$"
50711,"US$","$"
50715,"$","$"
51692,"$","$"
52851,"$","$"
52856,"$","$"
53238,"$","$"
53433,"$","$"
53466,"$","$"
53489,"$","$"
53493,"$","$"
53501,"$","$"
53505,"$","$"
53847,"$","$"
53976,"$","$"
54045,"$","$"
54055,"$","$"
54311,"$","$"
54314,"$","$"
54648,"$","$"
54652,"$","$"
56686,"$","$"
56696,"$","$"
56898,"$","$"
57059,"$","$"
57073,"$","$"
57079,"$","$"
57085,"$","$"
57092,"$","$"
57240,"$","$"
57246,"$","$"
57258,"$","$"
57262,"$","$"
57440,"$","$"
57451,"$","$"
58173,"$","$"
58182,"$","$"
58886,"$","$"
59385,"$","$"
60974,"$","$"
61173,"$","$"
61184,"$","$"
61360,"$","$"
61547,"$","$"
61622,"$","$"
61629,"$","$"
61948,"$","$"
64392,"$","$"
64420,"$","$"
64546,"$","$"
64556,"$","$"
64565,"$","$"
64570,"$","$"
64586,"$","$"
64635,"$","$"
64689,"$","$"
64697,"$","$"
64727,"$","$"
64847,"$","$"
65137,"$","$"
65307,"$","$"
65319,"$","$"
65326,"$","$"
65362,"$","$"
65577,"$","$"
65623,"$","$"
65893,"$","$"
66765,"$","$"
67010,"$","$"
67608,"$","$"
67622,"$","$"
67627,"$","$"
67650,"$","$"
67708,"$","$"
67753,"$","$"
67839,"$","$"
67845,"$","$"
67883,"$","$"
67934,"$","$"
68057,"$","$"
68103,"$","$"
68184,"$","$"
68275,"$","$"
68305,"$","$"
68700,"$","$"
68894,"$","$"
68928,"$","$"
69096,"$","$"
69302,"$","$"
69318,"$","$"
70165,"$","$"
70200,"$","$"
70329,"$","$"
70346,"$","$"
70357,"$","$"
70585,"$","$"
71786,"$","$"
71793,"$","$"
71818,"$","$"
71882,"$","$"
72137,"$","$"
72288,"$","$"
72323,"$","$"
72348,"$","$"
72353,"$","$"
72363,"$","$"
72366,"$","$"
72400,"$","$"
72437,"$","$"
72442,"$","$"
72450,"$","$"
72911,"$","$"
73304,"$","$"
73822,"$","$"
73839,"$","$"
74763,"$","$"
74802,"$","$"
75301,"$","$"
75309,"$","$"
75316,"$","$"
75324,"$","$"
75344,"$","$"
75497,"$","$"
75501,"$","$"
75585,"$","$"
75886,"$","$"
75977,"$","$"
76048,"$","$"
76266,"$","$"
76302,"$","$"
76332,"$","$"
76339,"$","$"
76350,"$","$"
76366,"$","$"
76372,"$","$"
76383,"$","$"
76387,"$","$"
76409,"$","$"
76432,"$","$"
76445,"$","$"
76469,"$","$"
76478,"$","$"
76492,"$","$"
76501,"$","$"
76514,"$","$"
76626,"$","$"
76773,"$","$"
78196,"$","$"
78200,"$","$"
78220,"$","$"
78241,"$","$"
78348,"$","$"
78373,"$","$"
78377,"$","$"
78574,"$","$"
78620,"$","$"
78630,"$","$"
78720,"$","$"
78726,"$","$"
78830,"$","$"
78919,"$","$"
78940,"$","$"
79020,"$","$"
79162,"$","$"
79178,"$","$"
79194,"$","$"
79236,"$","$"
79251,"$","$"
79255,"$","$"
79293,"$","$"
79297,"$","$"
79368,"$","$"
79372,"$","$"
79486,"$","$"
79491,"$","$"
79498,"$","$"
79503,"$","$"
79525,"$","$"
79532,"$","$"
79546,"$","$"
79550,"$","$"
79603,"$","$"
79632,"$","$"
79658,"$","$"
79663,"$","$"
80596,"$","$"
80829,"$","$"
81091,"$","$"
81173,"$","$"
81203,"$","$"
81216,"$","$"
81235,"$","$"
81243,"$","$"
81656,"$","$"
81684,"$","$"
81771,"$","$"
81961,"$","$"
81976,"$","$"
82000,"$","$"
82018,"$","$"
82022,"$","$"
82043,"$","$"
82065,"$","$"
82070,"$","$"
82111,"$","$"
82115,"$","$"
82140,"$","$"
82151,"$","$"
82164,"$","$"
82186,"$","$"
82226,"$","$"
82239,"$","$"
82886,"$","$"
82924,"$","$"
82971,"$","$"
83007,"$","$"
83170,"$","$"
83485,"$","$"
83738,"$","$"
83741,"$","$"
83755,"$","$"
83851,"$","$"
83875,"$","$"
83888,"$","$"
83921,"$","$"
83926,"$","$"
83934,"$","$"
84028,"$","$"
84033,"$","$"
84040,"$","$"
84045,"$","$"
84085,"$","$"
84091,"$","$"
84104,"$","$"
84129,"$","$"
84187,"$","$"
84214,"$","$"
84234,"$","$"
84246,"$","$"
84250,"$","$"
84266,"$","$"
84281,"$","$"
84293,"$","$"
84297,"$","$"
84321,"$","$"
84326,"$","$"
84367,"$","$"
84381,"$","$"
84411,"$","$"
84456,"$","$"
84496,"$","$"
84502,"$","$"
84507,"$","$"
84513,"$","$"
84580,"$","$"
84806,"$","$"
84817,"$","$"
84822,"$","$"
84838,"$","$"
84859,"$","$"
84905,"$","$"
84914,"$","$"
84967,"$","$"
84975,"$","$"
84987,"$","$"
85009,"$","$"
85023,"$","$"
85048,"$","$"
85148,"$","$"
85152,"$","$"
85179,"$","$"
85216,"$","$"
85223,"$","$"
85262,"$","$"
85326,"$","$"
85732,"$","$"
85746,"$","$"
86260,"$","$"
86266,"$","$"
86274,"$","$"
86309,"$","$"
86427,"$","$"
86450,"$","$"
86455,"$","$"
86463,"$","$"
86571,"US$","$"
86863,"$","$"
86867,"$","$"
86936,"$","$"
86943,"$","$"
86953,"$","$"
87095,"$","$"
87180,"$","$"
87211,"$","$"
87363,"$","$"
87461,"$","$"
87521,"$","$"
87534,"$","$"
87738,"$","$"
87746,"$","$"
87876,"$","$"
87890,"$","$"
87992,"$","$"
88245,"$","$"
88250,"$","$"
88265,"$","$"
88861,"$","$"
89068,"$","$"
89074,"$","$"
89081,"$","$"
89134,"$","$"
89415,"$","$"
89554,"$","$"
90712,"$","$"
90798,"$","$"
90868,"$","$"
91037,"$","$"
91077,"$","$"
91089,"$","$"
91094,"$","$"
91109,"$","$"
91121,"$","$"
91134,"$","$"
91139,"$","$"
91148,"$","$"
91153,"$","$"
91166,"$","$"
91182,"$","$"
91190,"$","$"
91358,"$","$"
91362,"$","$"
91464,"$","$"
92006,"$","$"
92131,"$","$"
92497,"$","$"
92532,"$","$"
92537,"$","$"
92548,"$","$"
92555,"$","$"
92560,"$","$"
92735,"$","$"
93058,"$","$"
93072,"$","$"
93089,"$","$"
93104,"$","$"
93117,"$","$"
93133,"$","$"
93137,"$","$"
93328,"$","$"
93341,"$","$"
93346,"$","$"
93353,"$","$"
93423,"$","$"
93427,"$","$"
93571,"$","$"
93575,"$","$"
93596,"$","$"
93600,"$","$"
93647,"$","$"
93675,"$","$"
93748,"$","$"
93753,"$","$"
93759,"$","$"
93764,"$","$"
93774,"$","$"
93778,"$","$"
95181,"$","$"
98238,"$","$"
98696,"$","$"
98847,"US$","$"
98852,"NZ$","$"
99803,"$","$"
100085,"$","$"
101156,"$","$"
101233,"$","$"
101268,"$","$"
101422,"$","$"
101554,"$","$"
101623,"$","$"
101633,"$","$"
101889,"$","$"
101892,"$","$"
102292,"$","$"
102296,"$","$"
102309,"$","$"
102313,"$","$"
102328,"$","$"
102669,"$","$"
102707,"$","$"
102711,"$","$"
102735,"$","$"
102753,"$","$"
103642,"$","$"
103990,"$","$"
103995,"$","$"
104006,"$","$"
104012,"$","$"
104601,"$","$"
104611,"$","$"
104815,"$","$"
105475,"$","$"
105618,"$","$"
105798,"$","$"
106014,"$","$"
108910,"$","$"
109169,"$","$"
109918,"$","$"
110254,"$","$"
110390,"$","$"
110395,"$","$"
110565,"$","$"
110605,"$","$"
110634,"$","$"
110969,"$","$"
111045,"$","$"
111303,"$","$"
111421,"$","$"
111432,"$","$"
111558,"$","$"
111609,"$","$"
111613,"$","$"
111629,"$","$"
111672,"$","$"
111687,"$","$"
111698,"$","$"
112428,"$","$"
112537,"$","$"
112562,"$","$"
112591,"$","$"
112610,"$","$"
112633,"$","$"
112798,"$","$"
112917,"$","$"
113673,"$","$"
113911,"$","$"
114133,"$","$"
114394,"$","$"
114398,"$","$"
114548,"$","$"
114791,"$","$"
115243,"$","$"
115615,"$","$"
115642,"$","$"
115659,"$","$"
115663,"$","$"
115701,"$","$"
115729,"$","$"
115764,"$","$"
115793,"$","$"
115804,"$","$"
115847,"$","$"
115908,"$","$"
115912,"$","$"
115937,"$","$"
116058,"$","$"
116063,"$","$"
116192,"$","$"
116662,"$","$"
117496,"$","$"
117560,"$","$"
117584,"$","$"
118547,"$","$"
119193,"$","$"
119259,"$","$"
119296,"$","$"
119306,"$","$"
119373,"$","$"
119430,"$","$"
119454,"$","$"
119496,"$","$"
119573,"$","$"
119668,"$","$"
119715,"$","$"
119860,"$","$"
119969,"$","$"
119998,"$","$"
120046,"$","$"
120076,"$","$"
120125,"$","$"
120184,"$","$"
120285,"$","$"
120412,"$","$"
120448,"$","$"
120609,"$","$"
120635,"$","$"
120663,"$","$"
120690,"$","$"
120778,"$","$"
120790,"$","$"
120815,"$","$"
121152,"$","$"
121427,"$","$"
121436,"$","$"
121672,"$","$"
121705,"$","$"
122701,"US$","$"
122731,"C$","$"
122840,"$","$"
123089,"$","$"
123111,"$","$"
123140,"$","$"
123152,"$","$"
123176,"$","$"
123183,"$","$"
123751,"$","$"
124221,"$","$"
124240,"$","$"
125110,"$","$"
125226,"$","$"
125326,"$","$"
125426,"$","$"
125429,"$","$"
125583,"$","$"
126261,"$","$"
126598,"$","$"
127414,"$","$"
127539,"$","$"
127587,"$","$"
127604,"$","$"
127673,"$","$"
128003,"$","$"
128166,"$","$"
128213,"$","$"
128306,"$","$"
128634,"$","$"
128697,"$","$"
128861,"$","$"
129036,"$","$"
129049,"$","$"
129069,"$","$"
129414,"$","$"
131529,"$","$"
131567,"$","$"
131584,"$","$"
131598,"$","$"
132094,"$","$"
132100,"$","$"
132116,"$","$"
132340,"$","$"
132520,"$","$"
134355,"$","$"
134390,"$","$"
135994,"$","$"
136035,"$","$"
136039,"$","$"
136057,"$","$"
136083,"$","$"
136232,"$","$"
136237,"$","$"
136243,"$","$"
136248,"$","$"
136262,"$","$"
136266,"$","$"
136362,"$","$"
136407,"$","$"
136412,"$","$"
136418,"$","$"
136423,"$","$"
136433,"$","$"
136437,"$","$"
136452,"$","$"
136458,"$","$"
136710,"$","$"
137262,"$","$"
137351,"$","$"
137362,"$","$"
137394,"$","$"
137448,"$","$"
137452,"$","$"
137975,"$","$"
137982,"$","$"
138694,"$","$"
138704,"$","$"
139159,"$","$"
139293,"$","$"
139437,"$","$"
139448,"$","$"
139467,"$","$"
139471,"$","$"
141720,"$","$"
142127,"$","$"
142269,"$","$"
142338,"$","$"
142868,"$","$"
143700,"$","$"
143705,"$","$"
144197,"$","$"
144203,"$","$"
144810,"$","$"
144813,"$","$"
144840,"$","$"
145015,"$","$"
145124,"$","$"
145219,"$","$"
145286,"$","$"
145622,"$","$"
145751,"$","$"
145755,"$","$"
146366,"$","$"
146545,"$","$"
146559,"$","$"
146585,"$","$"
146601,"$","$"
146745,"$","$"
146777,"$","$"
146806,"$","$"
146842,"$","$"
146928,"$","$"
147292,"$","$"
147306,"$","$"
147380,"$","$"
147383,"$","$"
147397,"$","$"
147409,"$","$"
147414,"$","$"
147427,"$","$"
147438,"$","$"
147482,"$","$"
147507,"$","$"
147516,"$","$"
147594,"$","$"
147636,"$","$"
147657,"$","$"
147724,"$","$"
147750,"$","$"
147800,"$","$"
147804,"$","$"
147839,"$","$"
147845,"$","$"
147867,"$","$"
147870,"$","$"
147896,"$","$"
147966,"$","$"
148173,"$","$"
148188,"$","$"
148236,"$","$"
148404,"$","$"
149041,"US$","$"
149052,"US$","$"
149092,"US$","$"
149113,"US$","$"
149122,"US$","$"
149245,"$","$"
149311,"$","$"
149327,"$","$"
149350,"$","$"
149359,"$","$"
149363,"$","$"
149853,"$","$"
149865,"$","$"
149868,"$","$"
150659,"US$","$"
150695,"$","$"
150740,"$","$"
150778,"$","$"
150796,"$","$"
150830,"$","$"
150869,"$","$"
150995,"$","$"
151018,"$","$"
151022,"$","$"
151036,"$","$"
151040,"$","$"
151294,"$","$"
151302,"$","$"
151310,"$","$"
151320,"$","$"
151333,"$","$"
151494,"$","$"
151510,"$","$"
151528,"$","$"
151754,"$","$"
151860,"$","$"
152140,"$","$"
152143,"$","$"
152150,"$","$"
152153,"$","$"
152159,"$","$"
152162,"$","$"
152171,"$","$"
152174,"$","$"
152185,"$","$"
152188,"$","$"
153222,"$","$"
153410,"$","$"
153431,"$","$"
153510,"$","$"
153600,"$","$"
153606,"$","$"
153612,"$","$"
153644,"$","$"
153650,"$","$"
153988,"$","$"
153992,"$","$"
154077,"$","$"
154193,"$","$"
154201,"$","$"
154273,"$","$"
154307,"$","$"
154312,"$","$"
154326,"$","$"
154370,"$","$"
154381,"$","$"
154393,"$","$"
154409,"$","$"
154419,"$","$"
154431,"$","$"
154591,"$","$"
154657,"$","$"
155940,"$","$"
156294,"$","$"
156345,"$","$"
156361,"$","$"
156377,"$","$"
156418,"$","$"
156535,"$","$"
156569,"$","$"
156592,"$","$"
156724,"$","$"
156745,"$","$"
156774,"$","$"
156855,"$","$"
156878,"$","$"
156943,"$","$"
156970,"$","$"
157001,"$","$"
157040,"$","$"
157052,"$","$"
157088,"$","$"
157110,"$","$"
157244,"$","$"
157332,"$","$"
157348,"$","$"
157428,"$","$"
157431,"$","$"
157461,"$","$"
157486,"$","$"
157638,"$","$"
157668,"$","$"
157682,"$","$"
157734,"$","$"
157819,"$","$"
157840,"$","$"
157858,"$","$"
157878,"$","$"
157894,"$","$"
157914,"$","$"
157981,"$","$"
158147,"$","$"
158171,"$","$"
158259,"$","$"
158287,"$","$"
158295,"$","$"
158308,"$","$"
158336,"$","$"
158904,"$","$"
158910,"$","$"
158937,"$","$"
158967,"$","$"
159326,"$","$"
159627,"$","$"
159694,"$","$"
159732,"$","$"
160148,"$","$"
160206,"$","$"
160470,"$","$"
160481,"$","$"
160493,"$","$"
160667,"$","$"
160678,"$","$"
161067,"$","$"
161076,"$","$"
161088,"$","$"
161096,"$","$"
161167,"$","$"
161322,"$","$"
161332,"$","$"
161484,"$","$"
161583,"$","$"
161588,"$","$"
161607,"$","$"
161617,"$","$"
161622,"$","$"
161725,"$","$"
161835,"$","$"
161932,"$","$"
161982,"$","$"
161997,"$","$"
162110,"$","$"
162655,"$","$"
162674,"$","$"
162678,"$","$"
162763,"$","$"
162768,"$","$"
162787,"$","$"
162812,"$","$"
162828,"$","$"
162940,"$","$"
162946,"$","$"
163012,"$","$"
163242,"$","$"
163334,"$","$"
163830,"$","$"
163870,"$","$"
163957,"$","$"
163964,"$","$"
164035,"$","$"
164200,"$","$"
164211,"$","$"
164232,"$","$"
164253,"$","$"
164496,"$","$"
164575,"$","$"
164597,"$","$"
165137,"$","$"
165172,"$","$"
165189,"$","$"
165193,"$","$"
165216,"$","$"
165230,"$","$"
165282,"$","$"
165296,"$","$"
165315,"$","$"
165319,"$","$"
166381,"$","$"
166909,"$","$"
166917,"$","$"
167000,"$","$"
167006,"$","$"
167024,"$","$"
167028,"$","$"
167194,"$","$"
167215,"$","$"
167241,"$","$"
167245,"$","$"
167305,"$","$"
167579,"$","$"
167582,"$","$"
167769,"$","$"
167773,"$","$"
167844,"$","$"
167907,"$","$"
167967,"$","$"
168036,"$","$"
168048,"$","$"
168065,"$","$"
168251,"$","$"
168257,"$","$"
168279,"$","$"
168302,"$","$"
168445,"$","$"
168464,"$","$"
168492,"$","$"
168510,"$","$"
168589,"$","$"
168610,"$","$"
168738,"$","$"
168891,"$","$"
168946,"$","$"
169321,"$","$"
169647,"$","$"
169695,"$","$"
169709,"$","$"
169777,"$","$"
169785,"$","$"
170038,"$","$"
170083,"$","$"
170224,"$","$"
170774,"$","$"
171810,"$","$"
172988,"$","$"
173185,"$","$"
173216,"$","$"
173444,"$","$"
173461,"$","$"
174175,"$","$"
174204,"$","$"
174499,"$","$"
174503,"$","$"
174517,"$","$"
174809,"$","$"
174813,"$","$"
175071,"$","$"
175088,"$","$"
175091,"$","$"
175110,"$","$"
175113,"$","$"
175301,"$","$"
175407,"$","$"
175778,"$","$"
175858,"$","$"
176717,"$","$"
177471,"$","$"
177898,"$","$"
178036,"$","$"
178337,"$","$"
178341,"$","$"
178367,"$","$"
178612,"$","$"
178616,"$","$"
178655,"$","$"
178683,"$","$"
178705,"$","$"
179089,"$","$"
179315,"$","$"
179357,"$","$"
179361,"$","$"
179505,"$","$"
179520,"$","$"
179532,"$","$"
179588,"$","$"
179623,"$","$"
179649,"$","$"
179854,"$","$"
179883,"$","$"
180194,"$","$"
180204,"$","$"
180264,"$","$"
180339,"$","$"
180348,"$","$"
180358,"$","$"
180376,"$","$"
180395,"$","$"
180427,"$","$"
180478,"$","$"
180503,"$","$"
180531,"$","$"
180650,"$","$"
180818,"$","$"
180850,"$","$"
181274,"$","$"
181280,"$","$"
181290,"$","$"
181296,"$","$"
182965,"$","$"
183391,"$","$"
183746,"$","$"
183870,"$","$"
183911,"$","$"
183980,"$","$"
184012,"$","$"
184791,"$","$"
186406,"$","$"
187093,"$","$"
187098,"$","$"
187336,"$","$"
187621,"$","$"
187626,"$","$"
187904,"$","$"
187909,"$","$"
187924,"$","$"
187956,"$","$"
188795,"$","$"
188851,"$","$"
189009,"$","$"
189295,"$","$"
189380,"$","$"
189483,"$","$"
189493,"$","$"
189501,"$","$"
189515,"$","$"
189757,"$","$"
189762,"$","$"
190029,"$","$"
190147,"$","$"
190165,"$","$"
190229,"$","$"
190399,"$","$"
190420,"$","$"
190489,"$","$"
190582,"$","$"
190605,"$","$"
190666,"$","$"
190712,"$","$"
190849,"$","$"
190866,"$","$"
191202,"$","$"
191208,"$","$"
191229,"$","$"
191372,"$","$"
191379,"$","$"
191426,"$","$"
191432,"$","$"
191505,"$","$"
191716,"$","$"
191725,"$","$"
192853,"$","$"
192857,"$","$"
192871,"$","$"
192877,"$","$"
192914,"$","$"
194215,"$","$"
194222,"$","$"
194483,"$","$"
194593,"$","$"
194617,"$","$"
194955,"$","$"
195452,"$","$"
195470,"$","$"
195946,"$","$"
195985,"$","$"
196008,"$","$"
196028,"$","$"
196177,"$","$"
196199,"$","$"
196305,"$","$"
196402,"$","$"
196416,"$","$"
196426,"$","$"
196460,"$","$"
196464,"$","$"
196503,"$","$"
196630,"$","$"
196795,"$","$"
196807,"$","$"
197760,"$","$"
197772,"$","$"
197783,"$","$"
197933,"$","$"
199675,"$","$"
199715,"$","$"
199850,"$","$"
199925,"$","$"
199949,"$","$"
199996,"$","$"
200024,"$","$"
200035,"$","$"
200268,"$","$"
200951,"$","$"
201193,"$","$"
201232,"$","$"
201377,"$","$"
201409,"$","$"
201944,"$","$"
201948,"$","$"
202012,"$","$"
202017,"$","$"
204061,"$","$"
205247,"$","$"
205251,"$","$"
205276,"$","$"
205290,"$","$"
205751,"$","$"
205999,"$","$"
206011,"$","$"
206299,"$","$"
206308,"$","$"
206327,"$","$"
206332,"$","$"
206360,"$","$"
206377,"$","$"
206382,"$","$"
206389,"$","$"
206397,"$","$"
206526,"$","$"
206551,"$","$"
206605,"$","$"
206625,"$","$"
206709,"$","$"
206747,"$","$"
206770,"$","$"
206783,"$","$"
206791,"$","$"
206815,"$","$"
206820,"$","$"
206897,"$","$"
208301,"$","$"
208305,"$","$"
208894,"$","$"
208929,"$","$"
208972,"$","$"
209538,"$","$"
209980,"$","$"
210031,"$","$"
210072,"$","$"
210156,"$","$"
210162,"$","$"
210248,"$","$"
210409,"$","$"
210793,"$","$"
211683,"$","$"
211715,"$","$"
211776,"$","$"
211780,"$","$"
211869,"$","$"
212489,"$","$"
212827,"$","$"
213236,"$","$"
213539,"$","$"
213671,"$","$"
213740,"$","$"
213750,"$","$"
214006,"$","$"
214009,"$","$"
214698,"$","$"
214715,"$","$"
214749,"$","$"
214848,"$","$"
214886,"$","$"
215079,"$","$"
215092,"$","$"
215137,"$","$"
215157,"$","$"
215181,"$","$"
215217,"$","$"
215560,"$","$"
215828,"$","$"
216034,"$","$"
216057,"$","$"
216079,"$","$"
216092,"$","$"
216118,"$","$"
216127,"$","$"
216139,"$","$"
216151,"$","$"
216224,"$","$"
216228,"$","$"
219176,"$","$"
219186,"$","$"
219399,"$","$"
219409,"$","$"
219582,"$","$"
219823,"$","$"
219895,"$","$"
220178,"$","$"
220199,"$","$"
220239,"$","$"
220270,"$","$"
220375,"$","$"
220424,"$","$"
220440,"$","$"
220477,"$","$"
220501,"$","$"
220517,"C$","$"
220520,"US$","$"
220535,"C$","$"
221263,"$","$"
221910,"$","$"
221959,"$","$"
222407,"$","$"
222485,"$","$"
222507,"$","$"
222667,"$","$"
222672,"$","$"
222678,"$","$"
222693,"$","$"
222697,"$","$"
222797,"$","$"
222803,"$","$"
222820,"$","$"
223046,"$","$"
223409,"$","$"
223414,"$","$"
223420,"$","$"
223425,"$","$"
223435,"$","$"
223439,"$","$"
223459,"$","$"
223585,"US$","$"
224162,"US$","$"
224183,"US$","$"
224189,"US$","$"
224196,"$","$"
224522,"$","$"
224834,"$","$"
224932,"$","$"
224983,"$","$"
224992,"$","$"
225213,"$","$"
225243,"$","$"
225267,"$","$"
225291,"$","$"
225460,"$","$"
225475,"$","$"
225625,"$","$"
225666,"$","$"
225771,"$","$"
225787,"$","$"
225794,"$","$"
225885,"$","$"
225957,"$","$"
226080,"$","$"
226243,"A$","$"
226778,"$","$"
227205,"$","$"
227256,"$","$"
227262,"$","$"
227277,"$","$"
227283,"$","$"
227372,"US$","$"
227742,"$","$"
227890,"$","$"
227905,"$","$"
228034,"$","$"
228040,"$","$"
228057,"$","$"
228070,"$","$"
228088,"$","$"
228128,"$","$"
228491,"$","$"
228746,"$","$"
229081,"$","$"
229141,"$","$"
229222,"$","$"
229514,"$","$"
229519,"$","$"
230007,"$","$"
230037,"$","$"
230087,"$","$"
230982,"$","$"
231055,"$","$"
231061,"$","$"
231256,"$","$"
231263,"$","$"
231387,"$","$"
231434,"$","$"
231497,"$","$"
231559,"$","$"
231575,"$","$"
231591,"$","$"
231645,"$","$"
231693,"$","$"
231739,"$","$"
231837,"$","$"
231841,"$","$"
231860,"$","$"
231868,"$","$"
232259,"$","$"
232280,"$","$"
232375,"$","$"
232385,"$","$"
232414,"$","$"
232418,"$","$"
232442,"$","$"
232469,"$","$"
232473,"$","$"
232571,"$","$"
232587,"$","$"
232604,"$","$"
232922,"$","$"
232928,"$","$"
232954,"$","$"
232963,"$","$"
233221,"$","$"
233864,"$","$"
233871,"$","$"
234000,"$","$"
234004,"$","$"
234083,"$","$"
234366,"$","$"
234388,"$","$"
234457,"$","$"
234464,"$","$"
234479,"$","$"
234484,"$","$"
234569,"$","$"
234576,"$","$"
234639,"$","$"
234670,"$","$"
234687,"$","$"
234701,"$","$"
234724,"$","$"
234809,"$","$"
235702,"$","$"
235711,"$","$"
235726,"$","$"
235743,"$","$"
236608,"$","$"
237593,"$","$"
237597,"$","$"
237610,"$","$"
237614,"$","$"
237629,"$","$"
238875,"$","$"
238934,"$","$"
238941,"$","$"
238964,"$","$"
238969,"$","$"
238982,"$","$"
239004,"$","$"
239030,"$","$"
239203,"$","$"
239294,"$","$"
239407,"$","$"
239410,"$","$"
239424,"$","$"
239444,"$","$"
240647,"$","$"
241509,"$","$"
241536,"$","$"
243411,"$","$"
243415,"$","$"
243444,"$","$"
243528,"$","$"
243533,"$","$"
243543,"$","$"
243548,"$","$"
243568,"$","$"
243607,"$","$"
243628,"$","$"
243632,"$","$"
243645,"$","$"
243649,"$","$"
243659,"$","$"
243663,"$","$"
243730,"$","$"
244462,"US$","$"
244503,"C$","$"
244507,"C$","$"
244977,"$","$"
244983,"$","$"
244993,"$","$"
245022,"$","$"
245028,"$","$"
245497,"$","$"
245604,"$","$"
245857,"$","$"
246089,"$","$"
246378,"US$","$"
246384,"C$","$"
246409,"C$","$"
246609,"C$","$"
246801,"$","$"
246809,"$","$"
246866,"$","$"
246883,"$","$"
246925,"$","$"
246996,"$","$"
247119,"$","$"
247143,"$","$"
247363,"$","$"
247385,"$","$"
247436,"$","$"
247453,"$","$"
247573,"$","$"
247827,"$","$"
247873,"$","$"
247935,"$","$"
247975,"$","$"
247984,"$","$"
248041,"$","$"
248061,"$","$"
248065,"$","$"
248079,"$","$"
248097,"$","$"
248103,"$","$"
248176,"$","$"
248183,"$","$"
248413,"$","$"
248434,"$","$"
248449,"$","$"
248541,"$","$"
248557,"$","$"
248590,"$","$"
248631,"$","$"
249226,"$","$"
249245,"$","$"
249249,"$","$"
249312,"$","$"
250016,"$","$"
250091,"$","$"
250315,"$","$"
250438,"$","$"
250919,"$","$"
251092,"$","$"
251148,"$","$"
253534,"$","$"
253543,"$","$"
253902,"$","$"
254043,"$","$"
254078,"$","$"
254147,"$","$"
254151,"$","$"
254176,"$","$"
254184,"$","$"
254233,"$","$"
254238,"$","$"
254307,"$","$"
254316,"$","$"
254357,"$","$"
254361,"$","$"
254366,"$","$"
254391,"$","$"
254465,"$","$"
254471,"$","$"
254478,"$","$"
254486,"$","$"
254756,"$","$"
254808,"$","$"
254886,"$","$"
254891,"$","$"
254900,"$","$"
254921,"$","$"
255018,"$","$"
255030,"$","$"
255105,"$","$"
255269,"$","$"
255274,"$","$"
255305,"$","$"
255310,"$","$"
255321,"$","$"
255328,"$","$"
255333,"$","$"
255410,"$","$"
255425,"$","$"
255438,"$","$"
255454,"$","$"
255498,"$","$"
255510,"$","$"
255516,"$","$"
255529,"$","$"
255545,"$","$"
255549,"$","$"
255555,"$","$"
255560,"$","$"
256791,"$","$"
260370,"$","$"
261589,"$","$"
261708,"$","$"
262443,"$","$"
262571,"$","$"
262575,"$","$"
262589,"$","$"
262607,"$","$"
262651,"$","$"
262670,"$","$"
262674,"$","$"
262685,"$","$"
262724,"$","$"
262728,"$","$"
262759,"$","$"
262793,"$","$"
262819,"$","$"
262829,"$","$"
262839,"$","$"
262978,"$","$"
262996,"$","$"
263007,"$","$"
263231,"$","$"
263246,"$","$"
263253,"$","$"
263267,"$","$"
263283,"$","$"
263288,"$","$"
263302,"$","$"
263306,"$","$"
263343,"$","$"
263348,"$","$"
263379,"$","$"
263432,"$","$"
263772,"$","$"
264157,"$","$"
264774,"$","$"
264777,"$","$"
264794,"$","$"
264798,"$","$"
264805,"$","$"
264809,"$","$"
264885,"$","$"
265001,"$","$"
265032,"$","$"
265037,"$","$"
265045,"$","$"
265697,"$","$"
266109,"$","$"
266172,"$","$"
266421,"$","$"
266549,"$","$"
266705,"$","$"
266748,"$","$"
266783,"$","$"
266931,"$","$"
266943,"$","$"
266980,"$","$"
266993,"$","$"
267009,"$","$"
268122,"$","$"
268128,"$","$"
268184,"$","$"
269178,"$","$"
269195,"$","$"
269270,"$","$"
270993,"$","$"
271068,"$","$"
271074,"$","$"
271087,"$","$"
271148,"$","$"
271159,"$","$"
271178,"$","$"
271312,"$","$"
271335,"$","$"
271359,"$","$"
271397,"$","$"
271409,"$","$"
271421,"$","$"
271432,"$","$"
271444,"$","$"
271450,"$","$"
271494,"$","$"
271500,"$","$"
271546,"$","$"
271587,"$","$"
271632,"$","$"
271657,"$","$"
271698,"$","$"
271709,"$","$"
271796,"$","$"
272695,"$","$"
272808,"$","$"
272876,"$","$"
272886,"$","$"
272931,"$","$"
272950,"$","$"
272992,"$","$"
273075,"$","$"
273078,"$","$"
273089,"$","$"
273092,"$","$"
273105,"$","$"
273108,"$","$"
273161,"$","$"
273405,"$","$"
273411,"$","$"
273679,"$","$"
273684,"$","$"
273692,"$","$"
273706,"$","$"
273712,"$","$"
273742,"$","$"
273753,"$","$"
273758,"$","$"
273764,"$","$"
273769,"$","$"
275061,"$","$"
275097,"$","$"
275108,"$","$"
275233,"$","$"
275278,"$","$"
275283,"$","$"
275658,"$","$"
276810,"$","$"
276832,"$","$"
277360,"$","$"
277397,"$","$"
278013,"$","$"
278017,"$","$"
278292,"$","$"
278295,"$","$"
278652,"$","$"
279696,"$","$"
283641,"$","$"
283645,"$","$"
284680,"$","$"
284771,"$","$"
285703,"$","$"
285835,"$","$"
285904,"$","$"
285914,"$","$"
286170,"$","$"
286173,"$","$"
286686,"$","$"
286705,"$","$"
286919,"$","$"
287803,"$","$"
287816,"$","$"
287852,"$","$"
288036,"$","$"
290104,"$","$"
290184,"$","$"
290247,"$","$"
290417,"$","$"
290693,"$","$"
290697,"$","$"
290952,"$","$"
290957,"$","$"
290965,"$","$"
290983,"$","$"
290988,"$","$"
290994,"$","$"
290999,"$","$"
291009,"$","$"
291013,"$","$"
291024,"$","$"
291126,"$","$"
291158,"$","$"
291210,"$","$"
291546,"$","$"
292076,"$","$"
292278,"$","$"
293278,"$","$"
293616,"$","$"
294542,"$","$"
294545,"$","$"
295173,"$","$"
295667,"$","$"
295680,"$","$"
295733,"$","$"
295743,"$","$"
295760,"$","$"
295765,"$","$"
295793,"$","$"
295803,"$","$"
295825,"$","$"
295833,"$","$"
295919,"$","$"
296002,"$","$"
296119,"$","$"
296172,"$","$"
296213,"$","$"
296422,"$","$"
296544,"$","$"
296553,"$","$"
296567,"$","$"
296587,"$","$"
297356,"$","$"
297370,"$","$"
297378,"$","$"
297825,"$","$"
297833,"$","$"
297848,"$","$"
297871,"$","$"
297880,"$","$"
297892,"$","$"
297933,"$","$"
297977,"$","$"
298020,"$","$"
298023,"$","$"
298026,"$","$"
298029,"$","$"
298058,"$","$"
298322,"$","$"
298342,"$","$"
298368,"$","$"
298380,"$","$"
298418,"$","$"
298791,"$","$"
299245,"$","$"
299299,"$","$"
299365,"$","$"
299371,"$","$"
299407,"$","$"
299731,"US$","$"
299931,"$","$"
300017,"$","$"
300111,"$","$"
300149,"$","$"
301319,"$","$"
301322,"$","$"
301679,"$","$"
301706,"$","$"
302603,"US$","$"
302637,"$","$"
302860,"$","$"
302864,"$","$"
302875,"$","$"
302879,"$","$"
303137,"$","$"
303371,"US$","$"
303964,"$","$"
303980,"$","$"
304000,"$","$"
304646,"$","$"
305027,"$","$"
305273,"$","$"
305281,"$","$"
305298,"$","$"
305320,"$","$"
305357,"$","$"
305365,"$","$"
305405,"$","$"
305588,"$","$"
305703,"$","$"
305751,"$","$"
305795,"$","$"
306341,"$","$"
306354,"$","$"
306369,"$","$"
306426,"$","$"
306445,"$","$"
306466,"$","$"
306498,"$","$"
306656,"$","$"
306685,"$","$"
306689,"$","$"
306707,"$","$"
307298,"$","$"
307330,"$","$"
307855,"$","$"
308622,"$","$"
308831,"$","$"
309034,"$","$"
309207,"$","$"
309250,"$","$"
309300,"$","$"
309345,"$","$"
309468,"$","$"
309553,"$","$"
309568,"$","$"
309599,"$","$"
309605,"$","$"
309657,"$","$"
309784,"$","$"
311139,"$","$"
311142,"$","$"
311154,"$","$"
311166,"$","$"
311169,"$","$"
311192,"$","$"
311195,"$","$"
311226,"$","$"
311229,"$","$"
311321,"$","$"
311430,"$","$"
311433,"$","$"
311440,"$","$"
311450,"$","$"
311453,"$","$"
311513,"$","$"
312071,"$","$"
312080,"$","$"
312790,"$","$"
312793,"$","$"
312851,"$","$"
312883,"$","$"
312918,"$","$"
312946,"$","$"
312975,"$","$"
312982,"$","$"
312996,"$","$"
313002,"$","$"
313019,"$","$"
313026,"$","$"
313034,"$","$"
313090,"$","$"
313195,"$","$"
313427,"$","$"
313458,"$","$"
313486,"$","$"
313513,"$","$"
313527,"$","$"
313541,"$","$"
313646,"$","$"
313654,"$","$"
314093,"$","$"
314436,"$","$"
314448,"$","$"
314456,"$","$"
314471,"$","$"
314503,"$","$"
314507,"$","$"
314690,"$","$"
314694,"$","$"
314721,"$","$"
314753,"$","$"
314769,"$","$"
314785,"$","$"
314825,"$","$"
314842,"$","$"
314885,"$","$"
314902,"$","$"
315050,"$","$"
315389,"$","$"
315396,"$","$"
315432,"$","$"
315437,"$","$"
315506,"$","$"
315537,"$","$"
315606,"$","$"
315621,"$","$"
315627,"$","$"
315742,"$","$"
315875,"C$","$"
315933,"US$","$"
315947,"C$","$"
315973,"C$","$"
315986,"C$","$"
316001,"C$","$"
316007,"C$","$"
316361,"$","$"
316391,"$","$"
316437,"$","$"
316514,"$","$"
316541,"$","$"
316569,"$","$"
316582,"$","$"
317620,"$","$"
317647,"$","$"
317670,"$","$"
317705,"$","$"
317714,"$","$"
317798,"$","$"
317908,"$","$"
317915,"$","$"
317927,"$","$"
317947,"$","$"
317970,"$","$"
317996,"$","$"
318024,"$","$"
318053,"$","$"
318087,"$","$"
318100,"$","$"
318106,"$","$"
318123,"$","$"
318151,"$","$"
318218,"$","$"
318221,"$","$"
318579,"$","$"
320151,"$","$"
320282,"$","$"
321367,"$","$"
321374,"$","$"
321385,"$","$"
321409,"$","$"
321599,"$","$"
321629,"$","$"
321662,"$","$"
321741,"$","$"
321835,"$","$"
321930,"$","$"
321937,"$","$"
321954,"$","$"
321976,"$","$"
322120,"$","$"
322147,"$","$"
322160,"$","$"
323333,"$","$"
323634,"$","$"
325731,"$","$"
326169,"$","$"
326212,"$","$"
326238,"$","$"
326267,"$","$"
326285,"$","$"
326359,"$","$"
326387,"$","$"
326532,"$","$"
326592,"$","$"
326634,"$","$"
326660,"$","$"
327368,"$","$"
327371,"$","$"
327706,"$","$"
327749,"$","$"
328286,"$","$"
328290,"$","$"
328323,"$","$"
328698,"$","$"
328841,"$","$"
328854,"$","$"
328982,"$","$"
329000,"$","$"
329069,"$","$"
329083,"$","$"
329142,"$","$"
330005,"HK$","$"
330451,"US$","$"
330845,"$","$"
330874,"$","$"
331046,"$","$"
331253,"$","$"
331342,"$","$"
331366,"$","$"
331452,"$","$"
331509,"$","$"
331549,"$","$"
331558,"$","$"
331584,"$","$"
331628,"$","$"
331658,"$","$"
332113,"$","$"
332295,"$","$"
332480,"$","$"
332510,"$","$"
332547,"$","$"
332553,"$","$"
332613,"$","$"
332617,"$","$"
332720,"$","$"
332798,"$","$"
332811,"$","$"
332821,"$","$"
332928,"$","$"
333020,"US$","$"
333024,"HK$","$"
333057,"HK$","$"
333060,"HK$","$"
333104,"HK$","$"
333107,"HK$","$"
333227,"$","$"
333238,"$","$"
333336,"$","$"
333585,"$","$"
333642,"$","$"
333797,"US$","$"
333987,"$","$"
334586,"$","$"
334611,"$","$"
335264,"$","$"
336308,"$","$"
336311,"$","$"
336320,"$","$"
336330,"$","$"
337326,"$","$"
337456,"$","$"
337563,"$","$"
337583,"$","$"
337592,"$","$"
337657,"$","$"
337671,"$","$"
337760,"$","$"
337761,"18-to-$19","JJ"
338067,"$","$"
338072,"$","$"
338416,"$","$"
338536,"$","$"
338871,"$","$"
339002,"US$","$"
339074,"A$","$"
339189,"$","$"
339228,"$","$"
339256,"$","$"
339441,"$","$"
339861,"$","$"
339963,"$","$"
340176,"$","$"
340193,"$","$"
340271,"$","$"
340283,"$","$"
340664,"$","$"
340682,"$","$"
341385,"$","$"
341745,"$","$"
341843,"$","$"
341861,"$","$"
343394,"$","$"
343404,"$","$"
343555,"$","$"
344053,"$","$"
344501,"$","$"
344518,"$","$"
344603,"$","$"
344620,"$","$"
344751,"$","$"
344758,"$","$"
345523,"$","$"
345546,"$","$"
345602,"$","$"
345659,"$","$"
345757,"$","$"
346125,"$","$"
346378,"$","$"
346392,"$","$"
347300,"$","$"
347317,"$","$"
347352,"$","$"
349465,"$","$"
349475,"$","$"
349584,"$","$"
349876,"$","$"
350029,"$","$"
351027,"$","$"
353467,"US$","$"
353471,"$","$"
353517,"C$","$"
353521,"C$","$"
353532,"C$","$"
353538,"C$","$"
353544,"C$","$"
353550,"C$","$"
353802,"C$","$"
353870,"$","$"
353881,"$","$"
353886,"$","$"
353904,"$","$"
353918,"$","$"
353935,"$","$"
353948,"$","$"
353957,"$","$"
353961,"$","$"
354075,"$","$"
354080,"$","$"
354090,"$","$"
354104,"$","$"
354109,"$","$"
354119,"$","$"
354128,"$","$"
354133,"$","$"
354142,"$","$"
354147,"$","$"
354157,"$","$"
354161,"$","$"
354192,"$","$"
355184,"$","$"
355446,"$","$"
356432,"$","$"
356641,"$","$"
357233,"$","$"
357704,"$","$"
358660,"$","$"
359862,"$","$"
360785,"$","$"
361089,"$","$"
361266,"$","$"
361344,"$","$"
361347,"$","$"
361352,"$","$"
362313,"$","$"
362363,"$","$"
362436,"$","$"
362523,"$","$"
362630,"$","$"
362703,"$","$"
362719,"$","$"
362733,"$","$"
362743,"$","$"
362891,"$","$"
362900,"$","$"
362909,"$","$"
362957,"$","$"
362971,"$","$"
363522,"$","$"
363528,"$","$"
363783,"$","$"
363801,"$","$"
363841,"$","$"
363972,"$","$"
363975,"$","$"
364011,"$","$"
364036,"$","$"
364051,"$","$"
365709,"$","$"
366318,"$","$"
366482,"$","$"
366519,"$","$"
366606,"$","$"
366614,"$","$"
366624,"$","$"
366636,"$","$"
366709,"$","$"
366763,"$","$"
367177,"$","$"
367182,"$","$"
367449,"$","$"
368358,"US$","$"
368382,"A$","$"
369088,"$","$"
369787,"$","$"
369799,"$","$"
369827,"$","$"
369831,"$","$"
369836,"$","$"
370727,"$","$"
370770,"$","$"
370776,"$","$"
372047,"$","$"
372093,"$","$"
372877,"$","$"
372880,"$","$"
372898,"$","$"
373132,"$","$"
373159,"$","$"
373171,"$","$"
373287,"$","$"
373306,"$","$"
373390,"$","$"
373443,"$","$"
373768,"$","$"
373775,"$","$"
373793,"$","$"
373818,"$","$"
373832,"$","$"
375603,"$","$"
375618,"$","$"
375631,"$","$"
376812,"$","$"
376821,"$","$"
376831,"$","$"
376837,"$","$"
377138,"$","$"
377192,"$","$"
377447,"$","$"
377474,"$","$"
377485,"$","$"
377499,"$","$"
377510,"$","$"
377531,"$","$"
377549,"$","$"
377634,"$","$"
378772,"$","$"
378783,"$","$"
378933,"$","$"
378944,"$","$"
378959,"$","$"
378967,"$","$"
379046,"$","$"
379062,"$","$"
379147,"$","$"
379209,"$","$"
379263,"US$","$"
379280,"C$","$"
379337,"C$","$"
379371,"C$","$"
379451,"C$","$"
379484,"C$","$"
379493,"C$","$"
379545,"$","$"
379557,"$","$"
379585,"$","$"
379605,"$","$"
379781,"$","$"
379859,"$","$"
379898,"$","$"
379904,"$","$"
380348,"$","$"
380353,"$","$"
380433,"$","$"
380444,"$","$"
380470,"$","$"
380566,"$","$"
380572,"$","$"
380618,"$","$"
381092,"$","$"
381275,"$","$"
381294,"$","$"
381382,"$","$"
382011,"$","$"
382045,"$","$"
382084,"$","$"
383167,"$","$"
383394,"$","$"
383406,"$","$"
383489,"$","$"
383492,"$","$"
383581,"$","$"
383640,"$","$"
383676,"$","$"
383780,"$","$"
383870,"$","$"
383881,"$","$"
383891,"$","$"
383916,"$","$"
384015,"$","$"
384084,"$","$"
384090,"$","$"
384181,"$","$"
384410,"$","$"
384630,"$","$"
385042,"$","$"
385055,"$","$"
385143,"$","$"
385208,"$","$"
385233,"$","$"
385236,"$","$"
385294,"$","$"
385305,"$","$"
385309,"$","$"
385732,"$","$"
385754,"$","$"
386352,"$","$"
386356,"$","$"
386680,"$","$"
386916,"$","$"
386924,"$","$"
386930,"$","$"
386951,"$","$"
386980,"$","$"
387396,"$","$"
387466,"$","$"
387493,"$","$"
387530,"$","$"
387535,"$","$"
387542,"$","$"
387842,"$","$"
388008,"$","$"
388014,"$","$"
388378,"$","$"
388382,"$","$"
388419,"$","$"
388441,"$","$"
388472,"$","$"
388481,"$","$"
388507,"$","$"
388603,"$","$"
388664,"$","$"
388672,"$","$"
388780,"$","$"
388861,"$","$"
388907,"$","$"
388926,"$","$"
388945,"$","$"
388957,"$","$"
389038,"$","$"
389042,"$","$"
389079,"$","$"
389122,"$","$"
389155,"$","$"
389176,"$","$"
389288,"$","$"
389332,"$","$"
389336,"$","$"
389348,"$","$"
389402,"$","$"
389418,"$","$"
389427,"$","$"
389496,"$","$"
389663,"$","$"
389668,"$","$"
389676,"$","$"
389703,"$","$"
389718,"$","$"
389759,"$","$"
389764,"$","$"
389772,"$","$"
389784,"$","$"
389789,"$","$"
389796,"$","$"
389801,"$","$"
389939,"$","$"
389962,"$","$"
389967,"$","$"
389980,"$","$"
389999,"$","$"
390004,"$","$"
390020,"$","$"
390025,"$","$"
390034,"$","$"
390045,"$","$"
390061,"$","$"
390113,"$","$"
390137,"$","$"
390153,"$","$"
390228,"$","$"
390233,"$","$"
390249,"$","$"
390254,"$","$"
390263,"$","$"
390286,"$","$"
390290,"$","$"
390307,"$","$"
390313,"$","$"
390344,"$","$"
390455,"$","$"
390476,"$","$"
390536,"$","$"
390556,"$","$"
390575,"$","$"
390581,"$","$"
390587,"$","$"
390593,"$","$"
391583,"$","$"
391598,"$","$"
391603,"$","$"
392375,"$","$"
392628,"$","$"
392675,"$","$"
392913,"$","$"
392918,"$","$"
392924,"$","$"
392929,"$","$"
392943,"$","$"
392947,"$","$"
392964,"$","$"
392989,"$","$"
393015,"$","$"
393020,"$","$"
393029,"$","$"
393034,"$","$"
393048,"$","$"
393052,"$","$"
393067,"$","$"
393226,"$","$"
393229,"$","$"
393307,"$","$"
393314,"$","$"
393409,"$","$"
393432,"$","$"
393449,"$","$"
393478,"$","$"
393529,"$","$"
393627,"$","$"
393925,"$","$"
393938,"$","$"
393970,"$","$"
394076,"$","$"
395074,"$","$"
396864,"$","$"
397124,"$","$"
397129,"$","$"
397144,"$","$"
397225,"$","$"
397230,"$","$"
397252,"$","$"
397257,"$","$"
397268,"$","$"
397276,"$","$"
397394,"$","$"
397435,"$","$"
397442,"$","$"
397456,"$","$"
397489,"$","$"
397493,"$","$"
397614,"$","$"
397618,"$","$"
397667,"$","$"
397671,"$","$"
397712,"$","$"
397716,"$","$"
397750,"$","$"
397754,"$","$"
397772,"$","$"
397776,"$","$"
397804,"$","$"
397809,"$","$"
397818,"$","$"
397823,"$","$"
397837,"$","$"
397841,"$","$"
397948,"US$","$"
398004,"$","$"
398486,"$","$"
399076,"$","$"
399081,"$","$"
399231,"$","$"
399258,"C$","$"
399275,"C$","$"
399280,"C$","$"
399306,"$","$"
399365,"$","$"
399391,"$","$"
399516,"$","$"
399525,"$","$"
399541,"$","$"
399583,"$","$"
399784,"$","$"
399794,"$","$"
399832,"$","$"
399836,"$","$"
399899,"$","$"
399904,"$","$"
399911,"$","$"
399916,"$","$"
399932,"$","$"
399937,"$","$"
400201,"$","$"
400228,"$","$"
400242,"$","$"
400257,"$","$"
400294,"$","$"
400421,"$","$"
400647,"$","$"
400720,"$","$"
400885,"$","$"
402374,"$","$"
402379,"$","$"
402452,"$","$"
402456,"$","$"
402463,"$","$"
402734,"$","$"
403234,"$","$"
405183,"$","$"
405213,"$","$"
406071,"US$","$"
406095,"C$","$"
406168,"C$","$"
406449,"C$","$"
406531,"$","$"
406652,"$","$"
406694,"$","$"
406719,"C$","$"
406730,"C$","$"
406891,"$","$"
407169,"$","$"
407505,"$","$"
407991,"$","$"
408067,"$","$"
408085,"$","$"
410166,"$","$"
410905,"$","$"
411074,"$","$"
411188,"$","$"
411383,"$","$"
411386,"$","$"
411433,"$","$"
411462,"$","$"
411522,"$","$"
411533,"$","$"
411547,"$","$"
411628,"$","$"
411632,"$","$"
411648,"$","$"
411653,"$","$"
411659,"$","$"
411664,"$","$"
411674,"$","$"
411678,"$","$"
411690,"$","$"
411694,"$","$"
411777,"$","$"
411781,"$","$"
411796,"$","$"
411807,"$","$"
411822,"$","$"
411826,"$","$"
411837,"$","$"
411842,"$","$"
411851,"$","$"
411856,"$","$"
411866,"$","$"
411870,"$","$"
412019,"$","$"
412023,"$","$"
412268,"$","$"
412294,"$","$"
412319,"$","$"
412444,"$","$"
412502,"$","$"
412515,"$","$"
412759,"$","$"
412763,"$","$"
412772,"$","$"
412838,"$","$"
415498,"$","$"
415516,"$","$"
415587,"US$","$"
415689,"$","$"
415721,"$","$"
415729,"$","$"
415743,"$","$"
415873,"$","$"
415956,"C$","$"
417195,"$","$"
417223,"$","$"
417345,"$","$"
417954,"$","$"
418260,"$","$"
418264,"$","$"
418565,"$","$"
418587,"$","$"
418614,"$","$"
418768,"$","$"
418794,"$","$"
418797,"$","$"
419054,"$","$"
419057,"$","$"
419410,"$","$"
420131,"$","$"
420146,"$","$"
420527,"$","$"
420733,"$","$"
420834,"$","$"
420841,"$","$"
420857,"$","$"
421008,"$","$"
421075,"$","$"
421165,"$","$"
421225,"$","$"
422371,"$","$"
422376,"$","$"
422384,"$","$"
422433,"$","$"
422447,"$","$"
422749,"$","$"
422832,"$","$"
423080,"$","$"
423205,"$","$"
423398,"$","$"
423557,"$","$"
425020,"$","$"
425348,"$","$"
425355,"$","$"
425413,"$","$"
425511,"$","$"
426358,"$","$"
426368,"$","$"
426421,"$","$"
426878,"$","$"
426918,"$","$"
426923,"$","$"
427118,"$","$"
427176,"$","$"
427198,"$","$"
427213,"$","$"
427303,"$","$"
427306,"$","$"
427362,"$","$"
427395,"$","$"
427413,"$","$"
427587,"$","$"
428492,"$","$"
429022,"$","$"
429030,"$","$"
429874,"$","$"
431332,"$","$"
431464,"$","$"
431533,"$","$"
431543,"$","$"
431799,"$","$"
431802,"$","$"
432483,"$","$"
434731,"$","$"
435206,"$","$"
435883,"$","$"
435905,"$","$"
435920,"$","$"
435937,"$","$"
435950,"$","$"
436335,"$","$"
436390,"$","$"
436567,"$","$"
436642,"$","$"
436696,"$","$"
436727,"$","$"
436744,"$","$"
436755,"$","$"
436767,"$","$"
436786,"$","$"
437148,"$","$"
437196,"$","$"
437215,"$","$"
437305,"$","$"
437394,"$","$"
438001,"$","$"
439577,"$","$"
439596,"$","$"
439611,"$","$"
439705,"$","$"
439811,"$","$"
439949,"$","$"
440132,"$","$"
440185,"$","$"
440189,"$","$"
440208,"$","$"
440212,"$","$"
440527,"$","$"
440631,"$","$"
440734,"$","$"
441354,"$","$"
441701,"$","$"
441754,"$","$"
441769,"$","$"
442601,"$","$"
442606,"$","$"
443140,"$","$"
443199,"$","$"
443218,"$","$"
443268,"$","$"
443349,"$","$"
443367,"$","$"
443458,"$","$"
443508,"$","$"
443567,"$","$"
443587,"$","$"
443637,"$","$"
443701,"$","$"
443718,"$","$"
443746,"$","$"
443784,"$","$"
444002,"$","$"
444044,"$","$"
444093,"$","$"
444135,"$","$"
444165,"$","$"
444442,"$","$"
444507,"$","$"
444684,"$","$"
444964,"$","$"
445455,"$","$"
445474,"$","$"
445486,"$","$"
446038,"$","$"
446051,"$","$"
446063,"$","$"
446086,"$","$"
446091,"$","$"
446098,"$","$"
446114,"$","$"
446118,"$","$"
446141,"$","$"
446263,"$","$"
446267,"$","$"
446438,"$","$"
446449,"$","$"
446466,"$","$"
446470,"$","$"
446581,"$","$"
446620,"$","$"
446636,"$","$"
446649,"$","$"
446653,"$","$"
446666,"$","$"
446686,"$","$"
446698,"$","$"
446751,"$","$"
446755,"$","$"
447090,"$","$"
447098,"$","$"
447382,"$","$"
447507,"US$","$"
447666,"C$","$"
447731,"C$","$"
447734,"US$","$"
447859,"C$","$"
447872,"C$","$"
447889,"C$","$"
447894,"C$","$"
448379,"$","$"
448384,"$","$"
448704,"$","$"
448710,"$","$"
448734,"$","$"
448767,"$","$"
448781,"$","$"
448805,"$","$"
448910,"$","$"
448914,"$","$"
448924,"$","$"
448951,"$","$"
448959,"$","$"
449052,"$","$"
449908,"$","$"
449911,"$","$"
450065,"$","$"
450070,"$","$"
450077,"$","$"
450082,"$","$"
450096,"$","$"
450100,"$","$"
450245,"$","$"
450256,"$","$"
450275,"$","$"
450325,"$","$"
450341,"$","$"
450345,"$","$"
450359,"$","$"
450374,"$","$"
450393,"$","$"
450397,"$","$"
450574,"$","$"
450579,"$","$"
450595,"$","$"
450609,"$","$"
450617,"$","$"
450628,"$","$"
450636,"$","$"
450647,"$","$"
450654,"$","$"
450716,"$","$"
450721,"$","$"
450731,"$","$"
450736,"$","$"
450749,"$","$"
450773,"$","$"
450788,"$","$"
450814,"$","$"
450822,"$","$"
450960,"$","$"
451045,"$","$"
451079,"$","$"
451113,"$","$"
451222,"$","$"
451254,"$","$"
451286,"$","$"
451290,"$","$"
451308,"$","$"
451556,"$","$"
451567,"$","$"
451578,"$","$"
451587,"$","$"
451634,"$","$"
451649,"$","$"
451674,"$","$"
451678,"$","$"
452054,"$","$"
452059,"$","$"
452367,"$","$"
452430,"$","$"
452710,"$","$"
453114,"$","$"
453520,"$","$"
453625,"$","$"
453686,"$","$"
453727,"$","$"
453735,"$","$"
453768,"$","$"
453789,"$","$"
453804,"$","$"
453816,"$","$"
454399,"$","$"
454446,"$","$"
454589,"$","$"
454816,"$","$"
454877,"$","$"
455178,"$","$"
455698,"$","$"
455741,"$","$"
455746,"$","$"
455778,"$","$"
455797,"$","$"
455801,"$","$"
455843,"$","$"
455871,"$","$"
456018,"$","$"
456035,"$","$"
456056,"$","$"
456059,"$","$"
456073,"$","$"
456158,"$","$"
456279,"$","$"
456282,"$","$"
456300,"$","$"
456383,"$","$"
456769,"$","$"
456797,"$","$"
456837,"$","$"
456933,"$","$"
456958,"$","$"
456970,"$","$"
457001,"$","$"
457007,"$","$"
457724,"$","$"
457950,"$","$"
457967,"$","$"
457987,"$","$"
457991,"$","$"
458104,"$","$"
458117,"$","$"
458601,"$","$"
458623,"$","$"
459020,"$","$"
459027,"$","$"
459440,"$","$"
459492,"$","$"
459514,"$","$"
459536,"$","$"
459985,"$","$"
459990,"$","$"
460033,"$","$"
460249,"$","$"
460254,"$","$"
460346,"$","$"
460505,"$","$"
460521,"$","$"
460537,"$","$"
460543,"$","$"
460598,"$","$"
460647,"$","$"
460658,"$","$"
460678,"$","$"
460682,"$","$"
460705,"$","$"
460830,"$","$"
460880,"$","$"
460908,"$","$"
461150,"$","$"
461189,"$","$"
461206,"$","$"
461257,"$","$"
461303,"$","$"
461315,"$","$"
461331,"$","$"
461340,"$","$"
461395,"$","$"
462268,"$","$"
462538,"$","$"
462586,"$","$"
462605,"$","$"
462643,"$","$"
462648,"$","$"
462975,"$","$"
463027,"$","$"
463031,"$","$"
464153,"$","$"
464179,"$","$"
464196,"$","$"
464292,"$","$"
464376,"$","$"
464481,"$","$"
464564,"$","$"
464685,"$","$"
464690,"$","$"
464697,"$","$"
464741,"$","$"
464762,"$","$"
464899,"$","$"
464910,"$","$"
464930,"$","$"
464934,"$","$"
465114,"$","$"
465329,"$","$"
466087,"$","$"
466362,"$","$"
466426,"$","$"
466532,"$","$"
466926,"$","$"
467035,"$","$"
467103,"$","$"
467871,"$","$"
467878,"$","$"
467900,"$","$"
468157,"$","$"
468330,"$","$"
468471,"$","$"
468483,"$","$"
468509,"$","$"
468811,"$","$"
468864,"$","$"
468869,"$","$"
468918,"$","$"
469048,"$","$"
469072,"$","$"
469125,"$","$"
469200,"$","$"
469213,"$","$"
469230,"$","$"
469234,"$","$"
469315,"$","$"
469369,"$","$"
469387,"$","$"
469398,"$","$"
469442,"$","$"
469450,"$","$"
469545,"$","$"
469857,"$","$"
470060,"$","$"
470101,"$","$"
470150,"$","$"
470322,"$","$"
470405,"$","$"
470411,"$","$"
470415,"$","$"
470470,"$","$"
471668,"$","$"
471681,"$","$"
471884,"$","$"
472004,"$","$"
472155,"$","$"
472614,"$","$"
472748,"$","$"
472783,"$","$"
472912,"$","$"
473124,"$","$"
473144,"$","$"
473342,"$","$"
473364,"$","$"
474086,"$","$"
474098,"$","$"
474202,"$","$"
474253,"$","$"
474323,"$","$"
474340,"$","$"
474435,"$","$"
474448,"$","$"
474539,"$","$"
474580,"$","$"
474600,"$","$"
474726,"$","$"
474768,"$","$"
474899,"$","$"
474903,"$","$"
474912,"$","$"
474927,"$","$"
475361,"$","$"
475364,"$","$"
475379,"$","$"
475585,"$","$"
476235,"$","$"
476726,"$","$"
476779,"$","$"
476783,"$","$"
476896,"$","$"
476901,"$","$"
476915,"$","$"
477401,"$","$"
477406,"$","$"
477522,"$","$"
478005,"$","$"
478241,"$","$"
479433,"$","$"
480135,"$","$"
480147,"$","$"
480204,"$","$"
480221,"$","$"
480236,"$","$"
480240,"$","$"
480249,"$","$"
480255,"$","$"
480269,"$","$"
480286,"$","$"
480309,"$","$"
480331,"$","$"
480345,"$","$"
480356,"$","$"
480371,"$","$"
480375,"$","$"
480585,"$","$"
480632,"$","$"
480640,"$","$"
480685,"$","$"
480727,"$","$"
480787,"$","$"
480863,"$","$"
480951,"$","$"
480962,"$","$"
480967,"$","$"
480980,"$","$"
480984,"$","$"
481055,"$","$"
481085,"$","$"
481127,"$","$"
481133,"$","$"
481220,"$","$"
481254,"$","$"
481260,"$","$"
481288,"$","$"
481309,"$","$"
481316,"$","$"
481322,"$","$"
481375,"$","$"
481381,"$","$"
481410,"$","$"
481414,"$","$"
481430,"$","$"
481486,"$","$"
481585,"$","$"
481610,"$","$"
481640,"$","$"
481659,"$","$"
481680,"$","$"
481731,"$","$"
481998,"$","$"
482003,"$","$"
482009,"$","$"
482014,"$","$"
482045,"$","$"
482049,"$","$"
482071,"$","$"
482152,"$","$"
482175,"$","$"
482213,"$","$"
482232,"$","$"
482279,"$","$"
482507,"$","$"
482626,"$","$"
482648,"$","$"
482654,"$","$"
482829,"$","$"
483118,"$","$"
483134,"$","$"
483138,"$","$"
483153,"$","$"
483243,"$","$"
484144,"US$","$"
485888,"$","$"
485893,"$","$"
485907,"$","$"
485912,"$","$"
485921,"$","$"
485926,"$","$"
486070,"$","$"
486076,"$","$"
486108,"$","$"
486112,"$","$"
486187,"$","$"
486245,"$","$"
486251,"$","$"
486295,"$","$"
486300,"$","$"
486309,"$","$"
486314,"$","$"
486330,"$","$"
486358,"$","$"
486362,"$","$"
486412,"$","$"
486416,"$","$"
486440,"$","$"
486676,"$","$"
486854,"$","$"
486861,"$","$"
487462,"$","$"
487667,"$","$"
487885,"$","$"
487891,"$","$"
487904,"$","$"
487917,"$","$"
489795,"$","$"
489800,"$","$"
490193,"$","$"
490196,"$","$"
490231,"$","$"
490326,"$","$"
490337,"$","$"
490367,"$","$"
490393,"$","$"
490408,"$","$"
490668,"$","$"
490809,"$","$"
490823,"$","$"
490846,"$","$"
490857,"$","$"
490906,"$","$"
490919,"$","$"
490962,"$","$"
491679,"$","$"
491683,"$","$"
491727,"$","$"
491764,"$","$"
491835,"$","$"
491864,"$","$"
491888,"$","$"
492365,"$","$"
492371,"$","$"
492620,"$","$"
492625,"$","$"
492631,"$","$"
492636,"$","$"
492649,"$","$"
492653,"$","$"
492668,"$","$"
492674,"$","$"
492881,"$","$"
492901,"$","$"
492912,"$","$"
492929,"$","$"
492934,"$","$"
492943,"$","$"
492948,"$","$"
492958,"$","$"
492962,"$","$"
493029,"$","$"
493316,"$","$"
493613,"$","$"
493735,"$","$"
493739,"$","$"
494040,"$","$"
494046,"$","$"
494100,"$","$"
494116,"$","$"
494561,"$","$"
494693,"$","$"
494762,"$","$"
494772,"$","$"
495028,"$","$"
495031,"$","$"
495240,"$","$"
495293,"$","$"
497765,"$","$"
498035,"$","$"
498048,"$","$"
498073,"$","$"
498100,"$","$"
498137,"$","$"
498221,"$","$"
498347,"$","$"
498356,"$","$"
498381,"$","$"
499190,"$","$"
499195,"$","$"
499201,"$","$"
499220,"$","$"
499224,"$","$"
499285,"$","$"
499291,"$","$"
499408,"$","$"
499414,"$","$"
499428,"$","$"
499435,"$","$"
499598,"$","$"
500216,"$","$"
500507,"$","$"
500510,"$","$"
501307,"$","$"
501310,"$","$"
501394,"$","$"
501883,"$","$"
501957,"$","$"
502343,"$","$"
502367,"$","$"
502450,"$","$"
502542,"$","$"
502549,"$","$"
502559,"$","$"
502738,"$","$"
502788,"$","$"
502803,"$","$"
502873,"$","$"
502884,"$","$"
502911,"$","$"
503564,"$","$"
503572,"$","$"
503652,"$","$"
503665,"$","$"
503747,"$","$"
504894,"$","$"
504899,"$","$"
504905,"$","$"
504910,"$","$"
504938,"$","$"
504942,"$","$"
504957,"$","$"
505006,"$","$"
505307,"$","$"
505346,"$","$"
505428,"$","$"
505431,"$","$"
509462,"$","$"
509538,"$","$"
509634,"$","$"
509674,"$","$"
510690,"$","$"
510877,"$","$"
510929,"$","$"
510944,"$","$"
510974,"$","$"
510983,"$","$"
511140,"$","$"
511144,"$","$"
511198,"$","$"
511277,"$","$"
511286,"$","$"
511372,"$","$"
511397,"$","$"
511503,"$","$"
511553,"$","$"
511603,"$","$"
513630,"$","$"
514245,"$","$"
514338,"$","$"
514475,"$","$"
514480,"$","$"
514488,"$","$"
514497,"$","$"
514529,"$","$"
514552,"$","$"
514717,"$","$"
514803,"$","$"
514806,"$","$"
514885,"$","$"
514907,"$","$"
514937,"$","$"
514965,"$","$"
514992,"$","$"
515017,"$","$"
515089,"$","$"
515140,"$","$"
515171,"$","$"
515227,"$","$"
515264,"$","$"
515471,"$","$"
515610,"$","$"
515624,"$","$"
515697,"$","$"
516061,"$","$"
516072,"$","$"
517022,"$","$"
517026,"$","$"
517335,"$","$"
517339,"$","$"
517506,"$","$"
517540,"$","$"
518941,"$","$"
518960,"$","$"
519082,"$","$"
519535,"$","$"
519586,"$","$"
519638,"$","$"
519918,"$","$"
519923,"$","$"
519932,"$","$"
519951,"$","$"
519955,"$","$"
519966,"$","$"
519971,"$","$"
519980,"$","$"
519985,"$","$"
519996,"$","$"
520005,"$","$"
520031,"$","$"
520034,"$","$"
520046,"$","$"
520051,"$","$"
520140,"$","$"
520145,"$","$"
520216,"$","$"
520221,"$","$"
520229,"$","$"
520363,"$","$"
520374,"$","$"
520392,"$","$"
520396,"$","$"
520509,"$","$"
520607,"$","$"
520611,"$","$"
520834,"$","$"
520999,"$","$"
521009,"$","$"
521012,"$","$"
521160,"$","$"
521219,"$","$"
521257,"$","$"
521291,"$","$"
521394,"$","$"
521398,"$","$"
521481,"$","$"
521663,"$","$"
521668,"$","$"
521695,"$","$"
521706,"$","$"
521811,"$","$"
521826,"$","$"
521841,"$","$"
521847,"$","$"
521983,"$","$"
522256,"$","$"
523341,"$","$"
523345,"$","$"
523412,"$","$"
523430,"$","$"
523462,"$","$"
523466,"$","$"
523511,"$","$"
523675,"$","$"
523725,"$","$"
523729,"$","$"
523941,"$","$"
524238,"$","$"
524311,"$","$"
524376,"$","$"
524445,"$","$"
524511,"$","$"
524592,"$","$"
524655,"$","$"
524717,"$","$"
524758,"$","$"
524809,"$","$"
524831,"$","$"
524893,"$","$"
524916,"$","$"
524930,"$","$"
524980,"$","$"
525028,"$","$"
525101,"$","$"
525117,"$","$"
525155,"$","$"
525221,"$","$"
525280,"$","$"
525334,"$","$"
525362,"$","$"
525374,"$","$"
525384,"$","$"
525432,"$","$"
525472,"$","$"
525522,"$","$"
525558,"$","$"
526664,"$","$"
526771,"$","$"
526845,"$","$"
527825,"$","$"
528241,"$","$"
528248,"$","$"
528395,"$","$"
528434,"$","$"
528450,"$","$"
528455,"$","$"
528460,"$","$"
528467,"$","$"
528524,"$","$"
528546,"$","$"
528559,"$","$"
528579,"$","$"
528584,"$","$"
528592,"$","$"
528597,"$","$"
528637,"$","$"
528647,"$","$"
528706,"$","$"
528727,"$","$"
528731,"$","$"
528744,"$","$"
528748,"$","$"
528753,"$","$"
528771,"$","$"
528785,"$","$"
528952,"$","$"
528964,"$","$"
529003,"$","$"
529029,"$","$"
529034,"$","$"
529050,"$","$"
529055,"$","$"
529086,"$","$"
529114,"$","$"
529408,"$","$"
529611,"$","$"
529737,"$","$"
529751,"$","$"
529784,"$","$"
529817,"$","$"
529830,"$","$"
529842,"$","$"
529879,"$","$"
529883,"$","$"
530003,"$","$"
530124,"$","$"
530142,"$","$"
530148,"$","$"
530164,"$","$"
530175,"$","$"
530179,"$","$"
530196,"$","$"
530200,"$","$"
530213,"$","$"
530222,"$","$"
530226,"$","$"
530296,"$","$"
530304,"$","$"
530318,"$","$"
530340,"$","$"
530345,"$","$"
530526,"$","$"
530745,"$","$"
530759,"$","$"
530768,"$","$"
530802,"$","$"
530805,"$","$"
530830,"$","$"
530833,"$","$"
530844,"$","$"
530847,"$","$"
530869,"$","$"
531103,"$","$"
531108,"$","$"
531195,"$","$"
531315,"$","$"
531328,"$","$"
531978,"$","$"
532011,"$","$"
532477,"$","$"
532491,"$","$"
532514,"$","$"
532861,"$","$"
532908,"$","$"
533006,"$","$"
533174,"$","$"
533180,"$","$"
533245,"$","$"
533251,"$","$"
533279,"$","$"
533287,"$","$"
533291,"$","$"
533387,"$","$"
533417,"$","$"
533426,"$","$"
533597,"$","$"
533619,"$","$"
533624,"$","$"
533859,"$","$"
533929,"$","$"
533971,"$","$"
534199,"$","$"
534218,"US$","$"
534242,"C$","$"
534250,"C$","$"
534261,"C$","$"
534287,"C$","$"
534351,"C$","$"
534389,"$","$"
534400,"$","$"
534422,"$","$"
534451,"$","$"
534455,"$","$"
534497,"$","$"
534501,"$","$"
534521,"$","$"
534529,"$","$"
534545,"$","$"
534597,"US$","$"
534613,"C$","$"
534617,"C$","$"
535003,"$","$"
535097,"$","$"
535530,"$","$"
535543,"$","$"
535803,"$","$"
535809,"$","$"
536182,"$","$"
536458,"$","$"
536731,"$","$"
537120,"$","$"
538051,"$","$"
538191,"$","$"
538720,"$","$"
538928,"$","$"
539090,"$","$"
539187,"$","$"
539190,"$","$"
539274,"$","$"
539279,"$","$"
539288,"$","$"
539293,"$","$"
539315,"$","$"
539319,"$","$"
539340,"$","$"
539351,"$","$"
539356,"$","$"
539366,"$","$"
539370,"$","$"
539413,"$","$"
539421,"$","$"
539425,"$","$"
539843,"$","$"
539854,"$","$"
539858,"$","$"
539875,"$","$"
539879,"$","$"
540560,"$","$"
540569,"$","$"
540592,"$","$"
540603,"$","$"
540625,"$","$"
540629,"$","$"
540670,"$","$"
540706,"US$","$"
540864,"US$","$"
540870,"A$","$"
540920,"A$","$"
540951,"A$","$"
541010,"A$","$"
541115,"A$","$"
541175,"A$","$"
541181,"A$","$"
541198,"US$","$"
541204,"US$","$"
541219,"A$","$"
541412,"$","$"
541413,"35,000-to-$50,000","CD"
541517,"$","$"
541528,"$","$"
541547,"$","$"
541551,"$","$"
541566,"$","$"
541608,"$","$"
541611,"$","$"
541637,"$","$"
541648,"$","$"
541666,"$","$"
541670,"$","$"
541680,"$","$"
541692,"$","$"
541700,"$","$"
541740,"$","$"
541816,"$","$"
541843,"$","$"
541856,"$","$"
542359,"$","$"
542365,"$","$"
542493,"$","$"
542521,"$","$"
542527,"$","$"
542635,"$","$"
542673,"$","$"
542676,"$","$"
542826,"$","$"
542829,"$","$"
542945,"$","$"
542948,"$","$"
542954,"$","$"
542958,"$","$"
543003,"$","$"
543385,"$","$"
543438,"$","$"
543448,"$","$"
543496,"$","$"
543511,"$","$"
543537,"$","$"
543552,"$","$"
543560,"$","$"
543708,"$","$"
543900,"$","$"
543903,"$","$"
543913,"$","$"
543974,"$","$"
544004,"$","$"
544049,"$","$"
544052,"$","$"
544075,"$","$"
544447,"$","$"
544543,"$","$"
544661,"$","$"
544666,"$","$"
544675,"$","$"
544683,"$","$"
544688,"$","$"
545026,"$","$"
545036,"$","$"
545063,"$","$"
545069,"$","$"
545153,"$","$"
545165,"$","$"
545177,"$","$"
545255,"$","$"
545310,"$","$"
545401,"$","$"
545536,"$","$"
545541,"$","$"
545549,"$","$"
545567,"$","$"
545631,"$","$"
545697,"$","$"
545882,"$","$"
545920,"$","$"
545954,"$","$"
546010,"$","$"
546029,"$","$"
546079,"$","$"
546455,"$","$"
546470,"$","$"
546607,"$","$"
546629,"$","$"
547025,"$","$"
547036,"$","$"
547060,"$","$"
547074,"$","$"
547093,"$","$"
547097,"$","$"
547106,"$","$"
547641,"$","$"
547662,"$","$"
547730,"$","$"
547811,"$","$"
547814,"$","$"
548459,"$","$"
549143,"$","$"
549148,"$","$"
549191,"$","$"
549195,"$","$"
549219,"$","$"
549226,"$","$"
549275,"$","$"
549279,"$","$"
549301,"$","$"
549333,"$","$"
549357,"$","$"
549362,"$","$"
549368,"$","$"
549373,"$","$"
549387,"$","$"
549391,"$","$"
549429,"$","$"
549456,"$","$"
549483,"$","$"
549491,"$","$"
549523,"$","$"
549527,"$","$"
549613,"$","$"
549945,"$","$"
549949,"$","$"
550248,"$","$"
550365,"$","$"
550731,"$","$"
550999,"$","$"
551013,"$","$"
551028,"$","$"
551067,"$","$"
551086,"$","$"
551217,"$","$"
551270,"$","$"
551360,"$","$"
551416,"$","$"
551420,"$","$"
551762,"$","$"
551768,"$","$"
551784,"$","$"
552170,"$","$"
552259,"$","$"
552300,"$","$"
552802,"$","$"
552806,"$","$"
552811,"$","$"
552815,"$","$"
552934,"$","$"
552965,"$","$"
554263,"$","$"
554385,"$","$"
554733,"$","$"
554745,"$","$"
554764,"$","$"
554768,"$","$"
554799,"$","$"
555404,"$","$"
555604,"$","$"
555700,"$","$"
556370,"$","$"
556382,"$","$"
556444,"$","$"
556467,"$","$"
556850,"$","$"
556854,"$","$"
556866,"$","$"
556870,"$","$"
556878,"$","$"
556883,"$","$"
556898,"$","$"
556929,"$","$"
556940,"$","$"
556956,"$","$"
556960,"$","$"
557069,"$","$"
557078,"$","$"
557086,"$","$"
557163,"$","$"
557168,"$","$"
557192,"$","$"
557197,"$","$"
557203,"$","$"
557208,"$","$"
557215,"$","$"
557220,"$","$"
557230,"$","$"
557246,"$","$"
557295,"$","$"
557309,"$","$"
557326,"$","$"
557331,"$","$"
557337,"$","$"
557342,"$","$"
557350,"$","$"
557371,"$","$"
557390,"$","$"
557394,"$","$"
557426,"$","$"
557440,"$","$"
557447,"$","$"
557458,"$","$"
557471,"$","$"
557479,"$","$"
557492,"$","$"
557496,"$","$"
557502,"$","$"
557517,"$","$"
557521,"$","$"
557583,"$","$"
557595,"$","$"
557654,"$","$"
557659,"$","$"
557667,"$","$"
557672,"$","$"
557736,"$","$"
557740,"$","$"
557771,"$","$"
557849,"$","$"
557854,"$","$"
558146,"$","$"
558515,"$","$"
558579,"$","$"
558590,"$","$"
558619,"$","$"
558625,"$","$"
558636,"$","$"
558640,"$","$"
558660,"$","$"
558678,"$","$"
558732,"$","$"
558764,"$","$"
559158,"$","$"
559193,"$","$"
559206,"$","$"
559218,"$","$"
559241,"$","$"
559253,"$","$"
559592,"$","$"
560441,"$","$"
560634,"$","$"
560661,"$","$"
560755,"$","$"
560801,"$","$"
560836,"$","$"
561277,"$","$"
562392,"$","$"
563364,"$","$"
564015,"$","$"
564041,"$","$"
564082,"$","$"
564867,"$","$"
565230,"$","$"
565265,"$","$"
565288,"$","$"
565320,"$","$"
565379,"$","$"
565415,"$","$"
565524,"$","$"
565527,"$","$"
565574,"$","$"
565690,"$","$"
565694,"$","$"
566393,"$","$"
566396,"$","$"
566399,"$","$"
566614,"$","$"
566669,"$","$"
567435,"$","$"
567982,"$","$"
568381,"$","$"
568503,"$","$"
568740,"$","$"
568819,"$","$"
569252,"$","$"
569330,"$","$"
569366,"$","$"
570177,"$","$"
570202,"$","$"
570216,"$","$"
571031,"$","$"
571472,"$","$"
571503,"$","$"
571537,"$","$"
571787,"$","$"
571875,"$","$"
571890,"$","$"
571896,"$","$"
571949,"$","$"
571953,"$","$"
572019,"$","$"
572221,"$","$"
573390,"$","$"
573415,"$","$"
573792,"$","$"
573885,"$","$"
573922,"$","$"
574182,"$","$"
574186,"$","$"
576562,"$","$"
576645,"$","$"
576664,"$","$"
576861,"$","$"
576886,"$","$"
576939,"$","$"
577371,"$","$"
577512,"$","$"
577903,"$","$"
577909,"$","$"
578497,"$","$"
578503,"$","$"
578868,"$","$"
578873,"$","$"
578879,"$","$"
578884,"$","$"
578896,"$","$"
578900,"$","$"
578917,"$","$"
578921,"$","$"
578931,"$","$"
578941,"$","$"
578950,"$","$"
578959,"$","$"
578981,"$","$"
578985,"$","$"
578999,"$","$"
579003,"$","$"
579052,"$","$"
579057,"$","$"
579063,"$","$"
579068,"$","$"
579078,"$","$"
579082,"$","$"
579154,"$","$"
579241,"$","$"
579536,"$","$"
579547,"$","$"
579590,"$","$"
579594,"$","$"
579613,"$","$"
579618,"$","$"
579659,"$","$"
579692,"$","$"
579696,"$","$"
579736,"$","$"
579774,"$","$"
579963,"$","$"
580061,"$","$"
580066,"$","$"
580072,"$","$"
580077,"$","$"
580091,"$","$"
580095,"$","$"
580136,"$","$"
580140,"$","$"
580266,"$","$"
580456,"$","$"
580461,"$","$"
580542,"$","$"
580873,"$","$"
580878,"$","$"
580884,"$","$"
580889,"$","$"
580903,"$","$"
580908,"$","$"
580959,"$","$"
580977,"$","$"
580987,"$","$"
581007,"$","$"
581026,"$","$"
581067,"$","$"
581105,"$","$"
581117,"$","$"
581195,"$","$"
581207,"$","$"
581253,"$","$"
581264,"$","$"
581269,"$","$"
581278,"$","$"
581283,"$","$"
581297,"$","$"
581302,"$","$"
581311,"$","$"
581316,"$","$"
581328,"$","$"
581336,"$","$"
581354,"$","$"
581360,"$","$"
582051,"$","$"
582904,"$","$"
582912,"$","$"
582978,"$","$"
585878,"US$","$"
586116,"$","$"
586120,"$","$"
586446,"$","$"
586482,"$","$"
586491,"$","$"
586668,"$","$"
586686,"$","$"
586821,"$","$"
586844,"$","$"
586897,"$","$"
587064,"$","$"
587076,"$","$"
587097,"$","$"
587105,"$","$"
587124,"$","$"
587141,"$","$"
587167,"$","$"
587239,"$","$"
587252,"$","$"
588094,"$","$"
588110,"$","$"
588115,"$","$"
588126,"$","$"
588134,"$","$"
588244,"$","$"
588378,"$","$"
588382,"$","$"
588412,"$","$"
588416,"$","$"
588429,"$","$"
588433,"$","$"
588445,"$","$"
588502,"$","$"
588528,"$","$"
588533,"$","$"
588542,"$","$"
588547,"$","$"
588561,"$","$"
588565,"$","$"
588677,"$","$"
588832,"$","$"
589120,"$","$"
589276,"$","$"
589296,"$","$"
589472,"$","$"
589913,"$","$"
589918,"$","$"
589954,"$","$"
589968,"$","$"
589972,"$","$"
590065,"$","$"
590084,"$","$"
590162,"$","$"
590220,"$","$"
590225,"$","$"
590240,"$","$"
590251,"$","$"
590275,"$","$"
590282,"$","$"
590298,"$","$"
590302,"$","$"
590313,"$","$"
590323,"$","$"
590336,"$","$"
590340,"$","$"
590388,"$","$"
590476,"$","$"
590480,"$","$"
590497,"$","$"
590585,"$","$"
590623,"$","$"
590629,"$","$"
590636,"$","$"
591072,"$","$"
591885,"$","$"
591991,"$","$"
592116,"$","$"
592136,"$","$"
593318,"$","$"
593852,"$","$"
593879,"$","$"
593890,"$","$"
594675,"$","$"
594702,"$","$"
594729,"$","$"
594757,"$","$"
594762,"$","$"
594772,"$","$"
594777,"$","$"
594791,"$","$"
594795,"$","$"
594812,"$","$"
594817,"$","$"
594824,"$","$"
594829,"$","$"
595030,"$","$"
595033,"$","$"
595090,"$","$"
595093,"$","$"
595160,"$","$"
595166,"$","$"
595171,"$","$"
595177,"$","$"
595273,"$","$"
595276,"$","$"
595739,"$","$"
595848,"$","$"
595874,"$","$"
595980,"$","$"
596038,"$","$"
596127,"$","$"
596178,"$","$"
596182,"$","$"
597622,"$","$"
597625,"$","$"
597941,"$","$"
598117,"$","$"
598237,"$","$"
598331,"$","$"
598342,"$","$"
598362,"$","$"
598366,"$","$"
598387,"$","$"
598428,"$","$"
598433,"$","$"
598443,"$","$"
598448,"$","$"
598508,"$","$"
598542,"$","$"
598558,"$","$"
598563,"$","$"
598575,"$","$"
598579,"$","$"
598593,"$","$"
598598,"$","$"
598612,"$","$"
598656,"$","$"
598664,"$","$"
598691,"$","$"
598721,"$","$"
598732,"$","$"
598752,"$","$"
598756,"$","$"
598773,"$","$"
598777,"$","$"
598788,"$","$"
598792,"$","$"
598803,"$","$"
598869,"$","$"
598880,"$","$"
598896,"$","$"
598900,"$","$"
598968,"$","$"
598990,"$","$"
599001,"$","$"
599023,"$","$"
599036,"$","$"
599040,"$","$"
599049,"$","$"
599064,"$","$"
599084,"$","$"
599094,"$","$"
599111,"$","$"
599115,"$","$"
599126,"$","$"
599188,"$","$"
599193,"$","$"
599199,"$","$"
599204,"$","$"
599222,"$","$"
599226,"$","$"
599242,"$","$"
599246,"$","$"
599291,"$","$"
599295,"$","$"
599309,"$","$"
599314,"$","$"
599323,"$","$"
599328,"$","$"
599338,"$","$"
599346,"$","$"
599394,"$","$"
599434,"$","$"
599521,"$","$"
599550,"$","$"
599567,"$","$"
599584,"$","$"
599660,"$","$"
599719,"$","$"
599733,"$","$"
599748,"$","$"
599807,"$","$"
599849,"$","$"
599857,"$","$"
599879,"$","$"
599915,"$","$"
599956,"$","$"
600009,"$","$"
600018,"$","$"
600038,"$","$"
600082,"$","$"
600265,"$","$"
600327,"$","$"
600338,"$","$"
601131,"$","$"
601791,"$","$"
601812,"$","$"
602683,"$","$"
602764,"$","$"
602778,"$","$"
602789,"$","$"
602860,"$","$"
602934,"$","$"
603010,"$","$"
603123,"$","$"
603375,"$","$"
604688,"$","$"
604770,"$","$"
605148,"$","$"
605319,"$","$"
605349,"$","$"
606178,"$","$"
606446,"$","$"
606464,"$","$"
606497,"$","$"
606550,"$","$"
606704,"$","$"
606707,"$","$"
606731,"$","$"
606775,"$","$"
606780,"$","$"
606784,"$","$"
606797,"$","$"
606802,"$","$"
606813,"$","$"
606819,"$","$"
606989,"$","$"
607010,"$","$"
607319,"$","$"
607325,"$","$"
607435,"$","$"
607438,"$","$"
607530,"$","$"
607838,"$","$"
607842,"$","$"
607900,"$","$"
607919,"$","$"
608040,"$","$"
608082,"$","$"
608134,"$","$"
608271,"$","$"
608378,"$","$"
608409,"$","$"
608647,"$","$"
608711,"$","$"
608822,"$","$"
608841,"$","$"
608983,"$","$"
609149,"$","$"
610190,"$","$"
610246,"$","$"
610257,"$","$"
610262,"$","$"
610276,"$","$"
610280,"$","$"
610820,"$","$"
611500,"$","$"
611894,"$","$"
611910,"$","$"
611988,"$","$"
612022,"$","$"
612034,"$","$"
612459,"$","$"
612573,"$","$"
612579,"$","$"
612615,"$","$"
612659,"$","$"
612666,"$","$"
612686,"$","$"
612889,"$","$"
612924,"$","$"
612991,"$","$"
613057,"$","$"
613430,"$","$"
613605,"$","$"
613609,"$","$"
613646,"$","$"
613672,"$","$"
613679,"$","$"
613702,"$","$"
613712,"$","$"
613853,"$","$"
613904,"$","$"
614360,"$","$"
614372,"$","$"
614603,"$","$"
615134,"$","$"
615151,"$","$"
615191,"$","$"
615540,"$","$"
615543,"$","$"
615556,"$","$"
615559,"$","$"
615590,"$","$"
615779,"$","$"
615932,"$","$"
615947,"$","$"
616034,"$","$"
616063,"$","$"
616074,"$","$"
616079,"$","$"
616130,"$","$"
616135,"$","$"
616142,"$","$"
616147,"$","$"
616164,"$","$"
616168,"$","$"
616189,"$","$"
616219,"$","$"
616224,"$","$"
616246,"$","$"
616272,"$","$"
616276,"$","$"
616342,"$","$"
616500,"$","$"
616504,"$","$"
616730,"$","$"
616892,"$","$"
616897,"$","$"
617425,"$","$"
617456,"$","$"
617525,"$","$"
617536,"$","$"
617558,"$","$"
617562,"$","$"
617574,"$","$"
617629,"$","$"
617634,"$","$"
617640,"$","$"
617658,"$","$"
617662,"$","$"
618017,"$","$"
618303,"$","$"
618652,"$","$"
618820,"$","$"
618836,"$","$"
618851,"$","$"
618860,"$","$"
618872,"$","$"
618897,"$","$"
618914,"$","$"
618921,"$","$"
618964,"$","$"
619073,"$","$"
619205,"$","$"
619274,"$","$"
619284,"$","$"
619537,"$","$"
619540,"$","$"
619701,"$","$"
619706,"$","$"
619713,"$","$"
619734,"$","$"
619739,"$","$"
619756,"$","$"
619760,"$","$"
619777,"$","$"
619781,"$","$"
619804,"$","$"
619853,"$","$"
620016,"$","$"
620071,"$","$"
620075,"$","$"
620181,"$","$"
620190,"$","$"
620226,"$","$"
620233,"$","$"
620265,"$","$"
620275,"$","$"
620281,"$","$"
620328,"$","$"
620332,"$","$"
620359,"$","$"
620363,"$","$"
620378,"$","$"
620389,"$","$"
620394,"$","$"
620404,"$","$"
620408,"$","$"
620437,"$","$"
620442,"$","$"
620452,"$","$"
620473,"$","$"
620478,"$","$"
620486,"$","$"
620542,"$","$"
620554,"$","$"
620562,"$","$"
620585,"$","$"
620607,"$","$"
620612,"$","$"
620744,"$","$"
621139,"$","$"
621142,"$","$"
621199,"$","$"
621212,"$","$"
621267,"$","$"
621385,"$","$"
621390,"$","$"
621397,"$","$"
621406,"$","$"
621512,"$","$"
621534,"$","$"
621682,"$","$"
621713,"$","$"
621806,"$","$"
621932,"$","$"
621977,"$","$"
621980,"$","$"
622087,"$","$"
622093,"$","$"
622171,"$","$"
622174,"$","$"
622206,"$","$"
622210,"$","$"
622308,"$","$"
622609,"$","$"
622622,"$","$"
623229,"$","$"
623241,"$","$"
623254,"$","$"
623355,"$","$"
623361,"$","$"
623377,"$","$"
623453,"$","$"
623475,"$","$"
623514,"$","$"
623581,"$","$"
623606,"$","$"
623610,"$","$"
623627,"$","$"
623641,"$","$"
623659,"$","$"
623663,"$","$"
623801,"$","$"
623861,"$","$"
623872,"$","$"
623891,"$","$"
623895,"$","$"
623923,"$","$"
623928,"$","$"
623938,"$","$"
623943,"$","$"
623953,"$","$"
623957,"$","$"
624004,"$","$"
624008,"$","$"
624022,"$","$"
624026,"$","$"
624060,"$","$"
624306,"$","$"
624310,"$","$"
624345,"$","$"
624371,"$","$"
624381,"$","$"
624400,"$","$"
624406,"$","$"
624416,"$","$"
624453,"$","$"
624464,"$","$"
624477,"$","$"
624519,"$","$"
624524,"$","$"
624533,"$","$"
624567,"$","$"
624573,"$","$"
624644,"$","$"
624656,"$","$"
624680,"$","$"
624692,"$","$"
624709,"$","$"
624733,"$","$"
624792,"$","$"
624895,"$","$"
625005,"$","$"
625147,"$","$"
625168,"$","$"
625176,"$","$"
625228,"$","$"
625351,"$","$"
625988,"$","$"
626137,"$","$"
627077,"$","$"
627148,"$","$"
627431,"$","$"
627442,"$","$"
627454,"$","$"
627482,"$","$"
627561,"$","$"
629486,"$","$"
629680,"$","$"
629855,"$","$"
630231,"$","$"
630247,"$","$"
630263,"$","$"
630280,"$","$"
630342,"$","$"
630382,"$","$"
630547,"$","$"
630911,"US$","$"
630936,"A$","$"
631018,"US$","$"
631158,"US$","$"
631178,"A$","$"
631215,"A$","$"
631250,"A$","$"
631308,"A$","$"
631327,"A$","$"
631331,"A$","$"
631354,"A$","$"
631476,"A$","$"
631499,"A$","$"
631509,"A$","$"
631585,"A$","$"
632181,"$","$"
632184,"$","$"
632648,"$","$"
632655,"$","$"
632670,"$","$"
632682,"$","$"
632747,"$","$"
632751,"$","$"
632895,"$","$"
632898,"$","$"
632903,"$","$"
632908,"$","$"
632979,"$","$"
633164,"$","$"
633378,"$","$"
633384,"$","$"
633433,"$","$"
633917,"$","$"
633921,"$","$"
634051,"$","$"
634097,"$","$"
634248,"$","$"
634472,"$","$"
635731,"$","$"
635758,"$","$"
637742,"$","$"
637766,"$","$"
638005,"$","$"
638013,"$","$"
639021,"$","$"
639585,"$","$"
639724,"$","$"
639736,"$","$"
639822,"$","$"
640295,"$","$"
640351,"$","$"
640729,"$","$"
640768,"$","$"
642823,"$","$"
642824,"45,000-$60,000","CD"
642835,"$","$"
643188,"$","$"
643223,"$","$"
643690,"$","$"
643705,"$","$"
644335,"$","$"
644455,"$","$"
644465,"$","$"
644484,"$","$"
644491,"$","$"
644589,"$","$"
644595,"$","$"
644639,"$","$"
644702,"$","$"
644715,"$","$"
644751,"$","$"
645033,"$","$"
645068,"$","$"
645130,"$","$"
646157,"$","$"
646319,"$","$"
646370,"$","$"
646385,"$","$"
646399,"$","$"
647357,"$","$"
647459,"$","$"
647509,"$","$"
648643,"$","$"
649223,"$","$"
649272,"$","$"
649544,"$","$"
649699,"$","$"
649704,"$","$"
649811,"$","$"
649824,"$","$"
649875,"$","$"
649879,"$","$"
649897,"$","$"
649904,"$","$"
650005,"$","$"
651325,"$","$"
651610,"$","$"
651626,"$","$"
651639,"$","$"
651643,"$","$"
651680,"$","$"
651807,"$","$"
651828,"$","$"
652423,"$","$"
652473,"$","$"
652482,"$","$"
652883,"$","$"
652902,"$","$"
653003,"$","$"
653166,"$","$"
653173,"$","$"
653288,"$","$"
653318,"$","$"
653444,"$","$"
653735,"$","$"
654117,"$","$"
654120,"$","$"
654174,"$","$"
654179,"$","$"
654257,"$","$"
654260,"$","$"
654387,"$","$"
654396,"$","$"
654400,"$","$"
654522,"$","$"
654888,"$","$"
655670,"$","$"
655674,"$","$"
655878,"$","$"
657290,"$","$"
657398,"$","$"
657542,"$","$"
657749,"$","$"
657766,"$","$"
657770,"$","$"
658144,"$","$"
658160,"$","$"
658236,"$","$"
658295,"$","$"
658303,"$","$"
658321,"$","$"
658362,"$","$"
658393,"$","$"
658510,"$","$"
658713,"$","$"
658731,"$","$"
659920,"$","$"
662013,"$","$"
662020,"$","$"
662411,"$","$"
662425,"$","$"
662444,"$","$"
662459,"$","$"
662484,"$","$"
663764,"$","$"
664191,"$","$"
664583,"$","$"
664589,"US$","$"
664596,"HK$","$"
664650,"US$","$"
665551,"$","$"
665672,"$","$"
665804,"$","$"
665873,"$","$"
665883,"$","$"
666139,"$","$"
666142,"$","$"
667067,"$","$"
667356,"$","$"
667373,"$","$"
667610,"$","$"
667638,"$","$"
668438,"$","$"
668445,"$","$"
668463,"$","$"
668481,"$","$"
668484,"$","$"
668758,"$","$"
668780,"$","$"
668836,"$","$"
668844,"$","$"
668908,"$","$"
668950,"$","$"
668954,"$","$"
668969,"$","$"
669185,"$","$"
669189,"$","$"
669322,"$","$"
669826,"$","$"
669883,"$","$"
669998,"$","$"
670006,"$","$"
670025,"$","$"
670048,"$","$"
670078,"$","$"
670271,"$","$"
670348,"$","$"
670408,"$","$"
670413,"$","$"
670423,"$","$"
670475,"$","$"
670660,"$","$"
670689,"$","$"
670763,"$","$"
670801,"$","$"
670814,"$","$"
670831,"$","$"
670848,"$","$"
670857,"$","$"
670929,"$","$"
670988,"$","$"
671007,"$","$"
671089,"$","$"
671115,"$","$"
671271,"$","$"
671281,"$","$"
671294,"$","$"
671313,"$","$"
671364,"$","$"
671384,"$","$"
671391,"$","$"
671398,"$","$"
671439,"$","$"
671581,"$","$"
671589,"$","$"
671876,"$","$"
671910,"$","$"
671915,"$","$"
671921,"$","$"
671938,"$","$"
671945,"$","$"
672017,"$","$"
672136,"$","$"
672414,"$","$"
672486,"$","$"
672526,"$","$"
672559,"$","$"
672581,"$","$"
672660,"$","$"
672671,"$","$"
672689,"$","$"
672699,"$","$"
672724,"$","$"
672735,"$","$"
672749,"$","$"
672754,"$","$"
672766,"$","$"
672771,"$","$"
672774,"$","$"
672782,"$","$"
673436,"$","$"
673761,"$","$"
673770,"$","$"
673812,"$","$"
673835,"$","$"
674512,"$","$"
674580,"$","$"
674608,"$","$"
674816,"$","$"
674853,"$","$"
674857,"$","$"
675126,"$","$"
675130,"$","$"
675148,"$","$"
675152,"$","$"
675163,"$","$"
675176,"$","$"
675188,"$","$"
675203,"$","$"
675207,"$","$"
675246,"$","$"
675457,"$","$"
675636,"$","$"
675659,"$","$"
675672,"$","$"
675926,"$","$"
675948,"$","$"
675958,"$","$"
676057,"US$","$"
676077,"A$","$"
676097,"A$","$"
676112,"A$","$"
676125,"A$","$"
676129,"A$","$"
676142,"A$","$"
676146,"A$","$"
676196,"A$","$"
676211,"A$","$"
676255,"A$","$"
676259,"A$","$"
676579,"A$","$"
676750,"$","$"
676837,"$","$"
677231,"$","$"
677237,"$","$"
677457,"$","$"
677922,"US$","$"
677944,"C$","$"
677962,"C$","$"
677979,"C$","$"
678723,"$","$"
678765,"$","$"
678916,"$","$"
679400,"$","$"
680015,"$","$"
680093,"$","$"
680510,"$","$"
681014,"$","$"
681025,"$","$"
681046,"$","$"
681057,"$","$"
681077,"$","$"
681081,"$","$"
681122,"$","$"
681147,"$","$"
681155,"$","$"
681176,"$","$"
681180,"$","$"
681255,"$","$"
682324,"$","$"
682478,"$","$"
682489,"$","$"
682589,"$","$"
682796,"$","$"
682847,"$","$"
682891,"$","$"
683164,"$","$"
683341,"$","$"
683367,"$","$"
683383,"$","$"
683409,"$","$"
683667,"$","$"
683687,"$","$"
683765,"$","$"
683792,"$","$"
683966,"$","$"
683970,"$","$"
684202,"$","$"
684259,"$","$"
684263,"$","$"
684276,"$","$"
684289,"$","$"
684308,"$","$"
684312,"$","$"
684984,"$","$"
685009,"$","$"
685057,"$","$"
685071,"$","$"
685091,"$","$"
685138,"$","$"
685528,"$","$"
685532,"$","$"
685600,"$","$"
685625,"$","$"
685658,"$","$"
685791,"$","$"
686034,"$","$"
686053,"$","$"
686102,"$","$"
686110,"$","$"
686173,"$","$"
686426,"$","$"
686453,"$","$"
686496,"$","$"
686552,"$","$"
686844,"$","$"
687446,"$","$"
687480,"$","$"
687563,"$","$"
687614,"$","$"
687630,"$","$"
687634,"$","$"
687640,"$","$"
688100,"$","$"
688104,"$","$"
688350,"$","$"
688625,"$","$"
688673,"$","$"
688730,"$","$"
688736,"$","$"
689584,"$","$"
689635,"$","$"
689652,"$","$"
690098,"$","$"
690411,"$","$"
690477,"$","$"
690497,"$","$"
690529,"$","$"
690536,"$","$"
690543,"$","$"
690753,"$","$"
690836,"$","$"
690861,"$","$"
691033,"$","$"
691309,"$","$"
691569,"$","$"
692065,"$","$"
692178,"$","$"
692377,"$","$"
692425,"$","$"
693328,"$","$"
693342,"$","$"
693610,"$","$"
693627,"$","$"
693684,"$","$"
693699,"$","$"
693712,"$","$"
693723,"$","$"
694581,"$","$"
695081,"$","$"
695469,"$","$"
695487,"$","$"
695607,"$","$"
695615,"$","$"
695627,"$","$"
695732,"$","$"
695815,"$","$"
695839,"$","$"
695864,"$","$"
695889,"$","$"
695910,"$","$"
695940,"$","$"
695961,"$","$"
695983,"$","$"
696012,"$","$"
696022,"$","$"
696031,"$","$"
696055,"$","$"
696076,"$","$"
696115,"$","$"
696265,"$","$"
696268,"$","$"
696397,"$","$"
696402,"$","$"
696436,"$","$"
696465,"$","$"
